bes,on,from,to,start,actual_start,end,actual_end,length,in_house,from_lat,from_lng,to_lat,to_lng
1601130,S ASHLAND AVE,W 63RD ST,W MARQUETTE RD,2017-01-09,TRUE,2017-04-18,TRUE,2609.392596,FALSE,41.7794589,-87.6642888,41.7721986,-87.6639278
1601130,S ASHLAND AVE,W MARQUETTE RD,W 71ST ST,2017-01-09,TRUE,2017-04-18,TRUE,2646.267501,FALSE,41.7721986,-87.6639278,41.7649064,-87.6636986
1701089,N CENTRAL PARK BLVD,W MADISON ST,W FIFTH AVE,2017-01-23,TRUE,2017-03-16,TRUE,1845.361608,FALSE,41.880854,-87.7158843,41.8756961,-87.7157196
1501362,N SOUTHPORT AVE,W ADDISON ST,W BELMONT AVE,2017-01-30,TRUE,2017-05-24,TRUE,2685.944124,FALSE,41.9470633,-87.6640242,41.9397586,-87.6638115
1601069,W FIFTH AVE,S KOSTNER AVE,W HARRISON ST,2017-01-30,TRUE,2017-04-20,TRUE,3277.774718,FALSE,41.8702986,-87.7351109,41.8734591,-87.7238643
1601069,S KEDVALE AVE,W FIFTH AVE,W ARTHINGTON ST,2017-01-30,TRUE,2017-04-20,TRUE,725.7844733,FALSE,41.8719846,-87.7290422,41.8699748,-87.7289863
1601069,S TRIPP AVE,W HARRISON ST,W ARTHINGTON ST,2017-01-30,TRUE,2017-04-20,TRUE,1246.138521,FALSE,41.8733664,-87.7315342,41.8699485,-87.7314256
1701141,E 83RD PL,S COMMERCIAL AVE,S BOND AVE,2017-01-30,TRUE,2017-03-29,TRUE,1057.670597,FALSE,41.7434668,-87.5517331,41.7435034,-87.5478859
1701141,S HOUSTON AVE,E 82ND ST,E 83RD PL,2017-01-30,TRUE,2017-03-29,TRUE,1095.44711,FALSE,41.7464811,-87.5503654,41.7434702,-87.550295
1701141,E 83RD ST,S COMMERCIAL AVE,S HOUSTON AVE,2017-01-30,TRUE,2017-03-29,TRUE,316.2074809,FALSE,41.7446582,-87.5514255,41.7446616,-87.5503237
1701176,W 47TH ST,S LOOMIS BLVD,S RACINE AVE,2017-02-08,TRUE,2017-04-04,TRUE,1308.787051,FALSE,41.8086596,-87.6601074,41.808731,-87.6552462
1701116,E 81ST ST,S COLFAX AVE,S EXCHANGE AVE,2017-02-14,TRUE,2017-06-07,TRUE,2284.473502,FALSE,41.748144,-87.5613263,41.7482616,-87.5528303
1701116,S MANISTEE AVE,E 81ST ST,E 82ND ST,2017-02-14,TRUE,2017-06-07,TRUE,667.1406658,FALSE,41.7481977,-87.5576846,41.7463746,-87.557644
1401051,S MASSASOIT AVE,W 61ST ST,W 63RD ST,2017-02-20,TRUE,2017-06-05,TRUE,1335.441431,FALSE,41.7816595,-87.7655302,41.7779837,-87.7653901
1401051,W 61ST ST,S MENARD AVE,S CENTRAL AVE,2017-02-20,TRUE,2017-06-05,TRUE,1315.320635,FALSE,41.7816247,-87.7667454,41.7817089,-87.7618693
1401051,S MENARD AVE,W 60TH ST,W 63RD ST,2017-02-20,TRUE,2017-06-05,TRUE,1983.977721,FALSE,41.7834584,-87.766815,41.7779553,-87.7666079
1501154,W WILSON AVE,N SEELEY AVE,N DAMEN AVE,2017-02-20,TRUE,2017-07-31,FALSE,380.7008335,FALSE,41.965072,-87.6806947,41.9650895,-87.6790765
1501154,N DAMEN AVE,W LAWRENCE AVE,W MONTROSE AVE,2017-02-20,TRUE,2017-07-31,FALSE,2614.61538,FALSE,41.9687574,-87.6791738,41.9614522,-87.6789658
1501154,N DAMEN AVE,W ARGYLE ST,W LAWRENCE AVE,2017-02-20,TRUE,2017-07-31,FALSE,1303.032052,FALSE,41.9723853,-87.6792817,41.9687574,-87.6791738
1601037,W HUBBARD ST,N LAVERGNE AVE,N CICERO AVE,2017-02-20,TRUE,2017-05-15,TRUE,1321.092303,FALSE,41.8886471,-87.7504624,41.8886725,-87.7455681
1601037,W KINZIE ST,N LAVERGNE AVE,N CICERO AVE,2017-02-20,TRUE,2017-05-15,TRUE,1338.281801,FALSE,41.8878691,-87.7504358,41.887926,-87.7455431
1601037,N LAVERGNE AVE,W HUBBARD ST,W KINZIE ST,2017-02-20,TRUE,2017-05-15,TRUE,329.7942641,FALSE,41.8886471,-87.7504624,41.8878691,-87.7504358
1601099,E 113TH PL,S STATE ST,S MICHIGAN AVE,2017-02-20,TRUE,2017-07-18,FALSE,538.5508271,FALSE,41.6880385,-87.6229624,41.688073,-87.6209915
1601099,S STATE ST,E 113TH ST,E 119TH ST,2017-02-20,TRUE,2017-07-18,FALSE,3910.994795,FALSE,41.688957,-87.6229923,41.6780163,-87.6226548
1401201,S LANGLEY AVE,E PERSHING RD,E 40TH ST,2017-02-24,TRUE,2017-05-05,TRUE,768.9929024,FALSE,41.8239737,-87.609955,41.8214594,-87.6097816
1401201,E 40TH ST,S VINCENNES AVE,S COTTAGE GROVE AVE,2017-02-24,TRUE,2017-05-05,TRUE,1626.762151,FALSE,41.8214148,-87.6131639,41.8215045,-87.6068311
1601144,N CICERO AVE,W WRIGHTWOOD AVE,W ARMITAGE AVE,2017-02-24,TRUE,2017-08-05,FALSE,3965.773725,FALSE,41.9285649,-87.7465076,41.9169352,-87.7461694
1601144,N CICERO AVE,W DIVERSEY AVE,W WRIGHTWOOD AVE,2017-02-24,TRUE,2017-08-05,FALSE,0,FALSE,41.9315492,-87.746641,41.9285649,-87.7465076
1501327,W POPE JOHN PAUL II DR,S ALBANY AVE,S CALIFORNIA AVE,2017-03-01,TRUE,2017-05-31,TRUE,1962.707817,FALSE,41.8154401,-87.7017087,41.8155372,-87.6944095
1501327,S MOZART ST,S ARCHER AVE,W POPE JOHN PAUL II DR,2017-03-01,TRUE,2017-05-31,TRUE,1183.316854,FALSE,41.8186767,-87.6957989,41.8155217,-87.6956439
1301155,W LAKE ST,N ADA ST,N ABERDEEN ST,2017-03-06,TRUE,2017-05-04,TRUE,1641.430132,FALSE,41.8854547,-87.6607605,41.8855339,-87.6544691
1301155,W LAKE ST,N ABERDEEN ST,N MORGAN ST,2017-03-06,TRUE,2017-05-04,TRUE,649,FALSE,41.8855339,-87.6544691,41.8855734,-87.6521467
1701011,W ARTHINGTON ST,S LAVERGNE AVE,S CICERO AVE,2017-03-06,TRUE,2017-07-14,FALSE,1087.28456,FALSE,41.8693192,-87.7490219,41.869355,-87.7448627
1701011,S CICERO AVE,W POLK ST,W FIFTH AVE,2017-03-06,TRUE,2017-07-14,FALSE,0,FALSE,41.8704545,-87.7449022,41.8685142,-87.7448373
1701011,W FIFTH AVE,S CICERO AVE,S KOLMAR AVE,2017-03-06,TRUE,2017-07-14,FALSE,1634.584035,FALSE,41.8685142,-87.7448373,41.8692352,-87.7388891
1701011,S KILPATRICK AVE,W ARTHINGTON ST,W FIFTH AVE,2017-03-06,TRUE,2017-07-14,FALSE,0,FALSE,41.8695735,-87.7424288,41.8687188,-87.7423956
1601078,W WILSON AVE,N ASHLAND AVE,N CLARK ST,2017-03-07,TRUE,2017-08-01,FALSE,764.3114444,FALSE,41.9652248,-87.6694196,41.9652556,-87.6667205
1601078,W SUNNYSIDE AVE,N ASHLAND AVE,N CLARK ST,2017-03-07,TRUE,2017-08-01,FALSE,800.2233527,FALSE,41.963408,-87.669222,41.9634388,-87.6663406
1601078,N CLARK ST,W LAWRENCE AVE,W MONTROSE AVE,2017-03-07,TRUE,2017-08-01,FALSE,2622.103429,FALSE,41.9688949,-87.6675066,41.9616225,-87.6659485
1701175,N CENTRAL PARK AVE,150' NORTH OF W FILMORE ST,W ROOSEVELT RD,2017-03-20,TRUE,2017-05-09,TRUE,779.611426,FALSE,41.8681027,-87.7154613,41.8662918,-87.7154104
601184,S ADA ST,W 59TH ST,W 61ST ST,2017-03-21,TRUE,2017-05-16,TRUE,1325.572892,FALSE,41.7868423,-87.658342,41.7831856,-87.6582441
601184,S ADA ST,W 57TH ST,W 59TH ST,2017-03-21,TRUE,2017-05-16,TRUE,1220.052793,FALSE,41.7904811,-87.6584455,41.7868423,-87.658342
601184,W 60TH ST,S LOOMIS BLVD,S THROOP ST,2017-03-21,TRUE,2017-05-16,TRUE,0,FALSE,41.7849846,-87.6595046,41.7850349,-87.6570547
1601187,E BALBO AVE,S STATE ST,S WABASH AVE,2017-03-21,TRUE,2017-04-27,TRUE,429.4087591,FALSE,41.8730865,-87.6276185,41.8731112,-87.6259618
1601187,E BALBO AVE,120' WEST OF S MICHIGAN AVE,50' WEST OF S MICHIGAN AVE,2017-03-21,TRUE,2017-04-27,TRUE,65.22766085,FALSE,41.8731616,-87.6241266,41.8731616,-87.6241266
1701082,S ADA ST,W 77TH ST,W 79TH ST,2017-03-22,TRUE,2017-05-09,TRUE,1229.638916,FALSE,41.7540702,-87.6570567,41.7504528,-87.656969
1701082,W 78TH ST,S LOOMIS BLVD,S ADA ST,2017-03-22,TRUE,2017-05-09,TRUE,457.8431108,FALSE,41.7522384,-87.6586279,41.7522633,-87.6570164
1701070,S MARQUETTE AVE,E 76TH ST,E 79TH ST,2017-03-27,TRUE,2017-06-16,TRUE,1910.461929,FALSE,41.7572594,-87.5585493,41.7518183,-87.558961
1701070,E 78TH ST,S MARQUETTE AVE,S BURNHAM AVE,2017-03-27,TRUE,2017-06-16,TRUE,339.6193659,FALSE,41.7536268,-87.5584799,41.7536517,-87.557017
1701070,E 77TH ST,S COLFAX AVE,S BURNHAM AVE,2017-03-27,TRUE,2017-06-16,TRUE,1178.415394,FALSE,41.755404,-87.5614509,41.7554625,-87.5570662
1601043,W ADDISON ST,N DAMEN AVE,N ASHLAND AVE,2017-03-28,TRUE,2017-07-19,FALSE,2600.762757,FALSE,41.9468548,-87.6785464,41.9469938,-87.668766
1601043,N DAMEN AVE,W ADDISON ST,W CORNELIA AVE,2017-03-28,TRUE,2017-07-19,FALSE,667.2897045,FALSE,41.9468548,-87.6785464,41.9450285,-87.6785032
1601043,N WOLCOTT AVE,150' SOUTH OF W ADDISON ST,W CORNELIA AVE,2017-03-28,TRUE,2017-07-19,FALSE,430.8037841,FALSE,41.9468811,-87.6761275,41.9069056,-87.6729895
1701123,S HAMILTON AVE,W 97TH ST,W 99TH ST,2017-03-31,TRUE,2017-05-09,TRUE,1207.974501,FALSE,41.7173851,-87.6758987,41.7137489,-87.6757907
1601116,W 31ST ST,S CENTRAL PARK AVE,S KEDZIE AVE,2017-04-06,TRUE,2017-06-12,TRUE,2694.619534,FALSE,41.8370554,-87.714577,41.8372257,-87.7048287
1601132,W AUGUSTA BLVD,N KOSTNER AVE,N CENTRAL PARK AVE,2017-04-06,TRUE,2017-06-29,TRUE,5320.647661,FALSE,41.8988545,-87.7360371,41.8991063,-87.716426
1701028,N BELL AVE,W JARVIS AVE,W TOUHY AVE,2017-04-06,TRUE,2017-07-16,FALSE,1195.316291,FALSE,42.015586,-87.6861705,42.0122287,-87.6861257
1701028,N HAMILTON AVE,250' NORTH OF W CHASE AVE,W TOUHY AVE,2017-04-06,TRUE,2017-07-16,FALSE,884.649229,FALSE,42.0140313,-87.6849616,42.0122188,-87.6849848
1701028,N OAKLEY AVE,W CHASE AVE,W TOUHY AVE,2017-04-06,TRUE,2017-07-16,FALSE,599.8179849,FALSE,42.014067,-87.6875263,42.0122478,-87.6875468
1701026,N LINCOLN AVE,W MONTROSE AVE,W IRVING PARK RD,2017-04-10,TRUE,2017-07-27,FALSE,2861.755695,FALSE,41.9613729,-87.6838213,41.9542012,-87.6787458
1701026,W BELLE PLAINE AVE,N LEAVITT ST,N LINCOLN AVE,2017-04-10,TRUE,2017-07-27,FALSE,998.8713492,FALSE,41.9559229,-87.6836594,41.95596,-87.6799899
1701179,S CLARK ST,170' NORTH OF W HARRISON ST,200' SOUTH OF W TAYLOR ST,2017-04-10,TRUE,2017-07-19,FALSE,2157.630769,FALSE,41.8745214,-87.630673,41.8690276,-87.6304786
1701179,W POLK ST,S LA SALLE ST,S CLARK ST,2017-04-10,TRUE,2017-07-19,FALSE,315.8861844,FALSE,41.8721792,-87.6316327,41.8722398,-87.6306061
1501343,ALLEY WEST OF S UNION AVE,600' NORTH OF W 76TH ST,500' SOUTH OF W 78TH ST,2017-04-12,TRUE,2017-08-01,FALSE,2471.189266,FALSE,41.7561071,-87.6417292,41.7524727,-87.6416455
1501343,ALLEY SOUTH OF W 78TH ST,175' WEST OF S EMERALD AVE,175' EAST OF S EMERALD AVE,2017-04-12,TRUE,2017-08-01,FALSE,285.5205912,FALSE,41.7524512,-87.6428643,41.7524512,-87.6428643
1501343,ALLEY WEST OF S EMERALD AVE,W 78TH ST,500' SOUTH OF W 78TH ST,2017-04-12,TRUE,2017-08-01,FALSE,479.9418093,FALSE,41.7524512,-87.6428643,41.7524512,-87.6428643
1701035,N MENARD AVE ,30' NORTH  OF W BYRON ST, OF W ADDISON ST,2017-04-17,TRUE,2017-08-18,FALSE,2037.96449,FALSE,41.9512659,-87.7718116,41.9458289,-87.7716192
1701035,W GRACE ST,N AUSTIN AVE,N MENARD AVE,2017-04-17,TRUE,2017-08-18,FALSE,1325.430308,FALSE,41.9494212,-87.7766343,41.9494642,-87.7717545
1701035,W BERENICE AVE,N AUSTIN AVE,N MENARD AVE,2017-04-17,TRUE,2017-08-18,FALSE,1325.791376,FALSE,41.9503061,-87.7766678,41.9503652,-87.7717879
1701177,W HARRISON ST,S PULASKI RD,275' WEST  OF S HOMAN AVE,2017-04-17,TRUE,2017-06-26,TRUE,3690.082486,FALSE,41.8734722,-87.7254319,41.8736218,-87.7107827
1701177,S ST LOUIS AVE,W HARRISON ST,W FLOURNOY ST,2017-04-17,TRUE,2017-06-26,TRUE,0,FALSE,41.8736005,-87.71321,41.8726903,-87.71318
1701009,N SPAULDING AVE,W OHIO ST,W FRANKLIN BLVD,2017-04-20,TRUE,2017-07-19,FALSE,590.4421833,FALSE,41.8918621,-87.7088716,41.8900363,-87.7088171
1701009,N ALBANY AVE,W OHIO ST,W FRANKLIN BLVD,2017-04-20,TRUE,2017-07-19,FALSE,590.0735322,FALSE,41.8919182,-87.7039728,41.8903282,-87.7039241
1701009,W OHIO ST,N ST LOUIS AVE,N KEDZIE AVE,2017-04-20,TRUE,2017-07-19,FALSE,1973.256091,FALSE,41.891814,-87.7137548,41.8918892,-87.7064273
1701009,W OHIO ST,N KEDZIE AVE,N SACRAMENTO AVE,2017-04-20,TRUE,2017-07-19,FALSE,1134.680574,FALSE,41.8918892,-87.7064273,41.891931,-87.7019827
1701009,N HOMAN AVE,W OHIO ST,W FRANKLIN BLVD,2017-04-20,TRUE,2017-07-19,FALSE,594.4930788,FALSE,41.8918378,-87.7113187,41.890007,-87.7112517
1701009,N KEDZIE AVE,W OHIO ST,W FRANKLIN BLVD,2017-04-20,TRUE,2017-07-19,FALSE,575.0612009,FALSE,41.8918892,-87.7064273,41.8902983,-87.7063844
1701009,N SACRAMENTO BLVD,W OHIO ST,W FRANKLIN BLVD,2017-04-20,TRUE,2017-07-19,FALSE,594.7767377,FALSE,41.891931,-87.7019827,41.890256,-87.7016754
1201071,W 44TH PL,S WALLACE ST,285' EAST OF S NORMAL AVE,2017-04-24,TRUE,2017-07-16,FALSE,848.8385082,FALSE,41.8135129,-87.640792,41.8135556,-87.63836
1201071,W 45TH ST,S EMERALD AVE,275' EAST OF S NORMAL AVE,2017-04-24,TRUE,2017-07-16,FALSE,1924.158821,FALSE,41.8124528,-87.6444149,41.8126416,-87.6383427
1701080,S KILPATRICK AVE,W 63RD ST,W 67TH ST,2017-04-27,TRUE,2017-06-09,TRUE,2655.258951,FALSE,41.7784684,-87.7398356,41.771185,-87.7387497
1601156,W PERSHING RD,S KEDZIE AVE,S CALIFORNIA AVE,2017-05-01,TRUE,2017-07-28,FALSE,2680.479466,FALSE,41.822586,-87.7043968,41.8227681,-87.6946349
1601156,W PERSHING RD,S CALIFORNIA AVE,S ARCHER AVE,2017-05-01,TRUE,2017-07-28,FALSE,1252.988947,FALSE,41.8227681,-87.6946349,41.82287,-87.689911
1701130,W 83RD ST,<NULL> OF S HALSTED ST,S KERFOOT AVE,2017-05-09,TRUE,2017-07-14,FALSE,525.7275674,FALSE,41.7433921,-87.6525628,41.7433964,-87.6418076
1701130,S BIRKHOFF AVE,W 83RD ST,S VINCENNES AVE,2017-05-09,TRUE,2017-07-14,FALSE,1008.453369,FALSE,41.7434135,-87.6407198,41.755363,-87.6330054
1701130,W 84TH ST,S BIRKHOFF AVE,S VINCENNES AVE,2017-05-09,TRUE,2017-07-14,FALSE,291.3496183,FALSE,41.7416821,-87.6391787,41.7416383,-87.6380859
1401313,S EMERALD AVE,W 89TH ST,W 90TH ST,2017-05-10,TRUE,2017-07-25,FALSE,549.6967109,FALSE,41.7325569,-87.642297,41.7308027,-87.642244
1401313,S LOWE AVE,W 89TH ST,W 91ST ST,2017-05-10,TRUE,2017-07-25,FALSE,1265.829235,FALSE,41.7325659,-87.6398743,41.7288104,-87.6397694
1401313,W 89TH ST,S HALSTED ST,S LOWE AVE,2017-05-10,TRUE,2017-07-25,FALSE,990.0302628,FALSE,41.7325499,-87.6435855,41.7325659,-87.6398743
1601177,E 63RD PL,S MARYLAND AVE,300' EAST OF S MARYLAND AVE,2017-05-10,TRUE,2017-08-01,FALSE,303.5593353,FALSE,41.7794988,-87.60463,41.7794988,-87.60463
1601177,S MARYLAND AVE,E 63RD ST,E 67TH ST,2017-05-10,TRUE,2017-08-01,FALSE,2656.096892,FALSE,41.7804132,-87.6046652,41.7731533,-87.6045401
1601177,E MARQUETTE RD,S COTTAGE GROVE AVE,S MARYLAND AVE,2017-05-10,TRUE,2017-08-01,FALSE,0,FALSE,41.7749613,-87.6057823,41.7749637,-87.6045666
1601177,E 64TH PL,S MARYLAND AVE,300' EAST OF S MARYLAND AVE,2017-05-10,TRUE,2017-08-01,FALSE,269.884221,FALSE,41.7777018,-87.6046487,41.7777018,-87.6046487
1701052,W ALTGELD ST,N RACINE AVE,N LINCOLN AVE,2017-05-11,TRUE,2017-09-02,FALSE,1864.463421,FALSE,41.9270978,-87.6585131,41.9272289,-87.6512782
1701052,N SEMINARY AVE,W LILL AVE,W FULLERTON AVE,2017-05-11,TRUE,2017-09-02,FALSE,980.7213357,FALSE,41.9280619,-87.656129,41.9253383,-87.6560276
1701052,W MONTANA ST,N RACINE AVE,N LINCOLN AVE,2017-05-11,TRUE,2017-09-02,FALSE,2219.241875,FALSE,41.9262531,-87.658492,41.9266878,-87.6505254
1601173,N CICERO AVE,W ADDISON ST,W BELMONT AVE,2017-05-17,TRUE,2017-09-08,FALSE,2634.144117,FALSE,41.9461201,-87.7471247,41.9388305,-87.7469319
1701062,W GRAND AVE,130' EAST OF N LA CROSSE AVE,95' EAST OF N KEATING AVE,2017-05-17,TRUE,2017-07-30,FALSE,962.8921258,FALSE,41.9144187,-87.7481614,41.9134283,-87.7447698
1701062,N CICERO AVE,W ARMITAGE AVE,115' SOUTH  OF W CORTLAND ST,2017-05-17,TRUE,2017-07-30,FALSE,813.515757,FALSE,41.9169352,-87.7461694,41.9151006,-87.7460909
1701062,N CICERO ST,60' NORTH  OF W GRAND AVE,W NORTH AVE,2017-05-17,TRUE,2017-07-30,FALSE,1593.193465,FALSE,41.9138915,-87.7458908,41.9095745,-87.7461952
1701119,S HALSTED ST,W 87TH ST,W 90TH ST,2017-05-19,TRUE,2017-07-13,TRUE,2015.919951,FALSE,41.7360161,-87.6435288,41.7307839,-87.6435343
1701065,W 74TH ST,S STEWART AVE,S VINVENNES AVE,2017-05-22,TRUE,2017-08-13,FALSE,1098.990412,FALSE,41.7598935,-87.6345188,41.7599563,-87.6304716
1701065,S STEWART AVE,W 74TH ST,W 75TH ST,2017-05-22,TRUE,2017-08-13,FALSE,631.170221,FALSE,41.7598935,-87.6345188,41.7580729,-87.634461
1701065,S PARNELL AVE,W 71ST ST,W 72ND ST,2017-05-22,TRUE,2017-08-13,FALSE,664.9021694,FALSE,41.7652917,-87.6383568,41.7634614,-87.6382766
1701065,S STEWART AVE,W 71ST ST,W 74TH ST,2017-05-22,TRUE,2017-08-13,FALSE,2092.064416,FALSE,41.7653528,-87.6346743,41.7598935,-87.6345188
1701065,W 72ND ST,S STEWART AVE,S PRINCETON AVE,2017-05-22,TRUE,2017-08-13,FALSE,624.4083537,FALSE,41.7635329,-87.6344244,41.7635647,-87.6321761
1701065,W 71ST ST,125' WEST  OF S PARNELL AVE,S STEWART AVE,2017-05-22,TRUE,2017-08-13,FALSE,1111.447979,FALSE,41.7652917,-87.6383568,41.7653528,-87.6346743
1701074,S ELIZABETH ST,320' NORTH  OF W 62ND ST,W 63RD ST,2017-05-22,TRUE,2017-07-22,FALSE,879.2676208,FALSE,41.7814079,-87.6558092,41.7795989,-87.6557257
1701074,W 62ND ST,S ELIZABETH ST,S RACINE AVE,2017-05-22,TRUE,2017-07-22,FALSE,316.0133485,FALSE,41.7814079,-87.6558092,41.7814388,-87.6545408
1601030,N FRANCISCO AVE,N MANOR AVE,W EASTWOOD AVE,2017-05-23,TRUE,2017-08-28,FALSE,162.9790173,FALSE,41.9661067,-87.7009981,41.9656441,-87.7010372
1601030,W EASTWOOD AVE,N MANOR AVE,N N BRANCH CHICAGO RIVER,2017-05-23,TRUE,2017-08-28,FALSE,561.2981013,FALSE,41.9656298,-87.7004662,41.9656881,-87.7071498
1601030,W WILSON AVE,N MANOR AVE,N N BRANCH CHICAGO RIVER,2017-05-23,TRUE,2017-08-28,FALSE,537.3097297,FALSE,41.9647741,-87.699619,41.9628489,-87.8464939
1601030,N MANOR AVE,W LELAND AVE,W SUNNYSIDE AVE,2017-05-23,TRUE,2017-08-28,FALSE,1634.297383,FALSE,41.9666728,-87.7015402,41.9630798,-87.6979037
1601030,N CALIFORNIA AVE,N MANOR AVE,W MONTROSE AVE,2017-05-23,TRUE,2017-08-28,FALSE,885.6184082,FALSE,41.9636849,-87.6985441,41.9612712,-87.6984686
1701039,N CAMPBELL AVE,W BERTEAU AVE,W BELLE PLAINE AVE,2017-05-23,TRUE,2017-08-31,FALSE,613.4369405,FALSE,41.9576452,-87.6916872,41.955834,-87.6909538
1701039,W WARNER AVE,N CAMPBELL AVE,N WESTERN AVE,2017-05-23,TRUE,2017-08-31,FALSE,570.0538113,FALSE,41.9567421,-87.6909749,41.9567518,-87.6884676
1701039,N MAPLEWOOD AVE,W BERTEAU AVE,W IRVING PARK RD,2017-05-23,TRUE,2017-08-31,FALSE,1331.576837,FALSE,41.9576431,-87.6921746,41.9540525,-87.6920466
1701096,N LONG AVE,W HURON AVE,W OHIO ST,2017-05-26,TRUE,2017-08-25,FALSE,700.3756879,FALSE,41.8929583,-87.7605672,41.8911427,-87.7604996
1701096,W OHIO ST,N PINE AVE,N LARAMIE AVE,2017-05-26,TRUE,2017-08-25,FALSE,2156.145145,FALSE,41.8911117,-87.7634098,41.891188,-87.7554612
1601001,W WALNUT ST,N HALSTED ST,200' EAST OF N HALSTED ST,2017-05-30,TRUE,2017-06-28,TRUE,206.7096787,FALSE,41.8862107,-87.6474821,41.8862107,-87.6474821
1601001,W WALNUT ST,N UNION AVE,N DESPLAINES ST,2017-05-30,TRUE,2017-06-28,TRUE,301.5950398,FALSE,41.886226,-87.6455061,41.8862441,-87.6442482
1001184,W 40TH PL,S KEDZIE AVE,S SACRAMENTO AVE,2017-05-31,TRUE,2017-08-23,FALSE,1357.679084,FALSE,41.8199005,-87.7044226,41.8199751,-87.6994917
1001184,S SACRAMENTO AVE,W 40TH PL,S ARCHER AVE,2017-05-31,TRUE,2017-08-23,FALSE,1014.202037,FALSE,41.8199751,-87.6994917,41.8170734,-87.6994002
1701126,S PRINCETON AVE,W 114TH ST,W 115TH ST,2017-05-31,TRUE,2017-08-24,FALSE,659.7733137,FALSE,41.6870505,-87.6301455,41.6852269,-87.6300946
1701126,S YALE AVE,W 114TH ST,W 115TH ST,2017-05-31,TRUE,2017-08-24,FALSE,659.9653472,FALSE,41.6870522,-87.6290497,41.6852428,-87.6288915
1701126,W 114TH ST,S STEWART AVE,S YALE AVE,2017-05-31,TRUE,2017-08-24,FALSE,950.234627,FALSE,41.6870194,-87.6325477,41.6870522,-87.6290497
1701102,W WALNUT ST,N CENTRAL PARK AVE,N ST LOUIS AVE,2017-06-01,TRUE,2017-08-16,FALSE,669.954682,FALSE,41.8855626,-87.7160283,41.8854656,-87.7135729
1701102,W WALNUT ST,N ST LOUIS AVE,N HOMAN AVE,2017-06-01,TRUE,2017-08-16,FALSE,637.8672723,FALSE,41.8854656,-87.7135729,41.8854328,-87.7111388
1701102,N ST LOUIS AVE,W WALNUT ST,W LAKE ST,2017-06-01,TRUE,2017-08-16,FALSE,212.111652,FALSE,41.8854656,-87.7135729,41.8847982,-87.7135676
1701162,E 48TH ST,S MICHIGAN AVE,S INDIANA AVE,2017-06-05,TRUE,2017-08-13,FALSE,384.0711928,FALSE,41.8074638,-87.6227917,41.8074909,-87.6211457
1701162,E 49TH ST,S MICHIGAN AVE,S CALUMET AVE,2017-06-05,TRUE,2017-08-13,FALSE,1212.589361,FALSE,41.8056354,-87.6227354,41.80571,-87.6180706
1701162,S INDIANA AVE,E 47TH ST,E 51ST ST,2017-06-05,TRUE,2017-08-13,FALSE,2577.049526,FALSE,41.8093113,-87.6211824,41.8020143,-87.6210261
1701162,E 50TH ST,S INDIANA AVE,S PRAIRIE AVE,2017-06-05,TRUE,2017-08-13,FALSE,440.6574543,FALSE,41.8038459,-87.6210786,41.8038706,-87.6194515
1701075,S THROOP ST,W 63RD ST,W 64TH ST,2017-06-12,TRUE,2017-08-09,FALSE,583.4115866,FALSE,41.7795656,-87.6569331,41.7777584,-87.656884
1701075,S ELIZABETH ST,W 63RD ST,W 64TH ST,2017-06-12,TRUE,2017-08-09,FALSE,593.3236818,FALSE,41.7795989,-87.6557257,41.7777653,-87.6556771
1201070,S EMERALD AVE,W 43RD ST,W 45TH ST,2017-06-13,TRUE,2017-08-15,FALSE,1350.62821,FALSE,41.8161899,-87.6444998,41.8124528,-87.6444149
1201070,S 44TH PL,S HALSTED ST,S EMERALD AVE,2017-06-13,TRUE,2017-08-15,FALSE,334.2605275,FALSE,41.8134782,-87.6456488,41.8134947,-87.6444402
1701087,N ADA ST,N OGDEN AVE,W LAKE ST,2017-06-15,TRUE,2017-08-12,FALSE,1103.014892,FALSE,41.8889489,-87.6607695,41.8854547,-87.6607605
1701087,W ARBOUR PL,70' WEST  OF N OGDEN AVE,N ADA ST,2017-06-15,TRUE,2017-08-12,FALSE,144.8474612,FALSE,41.8880101,-87.6699118,41.8880001,-87.6696088
1701087,N ADA ST,W HUBBARD ST,W KINZIE ST,2017-06-15,TRUE,2017-08-12,FALSE,387.0187241,FALSE,41.8899465,-87.660862,41.9124417,-87.6624316
1701087,N OGDEN AVE,50' SOUTH  OF W KINZIE ST,W ARBOUR PL,2017-06-15,TRUE,2017-08-12,FALSE,139.5509357,FALSE,41.8889189,-87.6605492,41.8024099,-88.0631508
1601151,W LOYOLA AVE,N SHERIDAN RD,N WINTHROP AVE,2017-06-19,TRUE,2017-08-12,FALSE,485.9688375,FALSE,42.0005934,-87.660732,42.0015533,-87.6585978
1601151,N SHERIDAN RD,W LOYOLA AVE,W DEVON AVE,2017-06-19,TRUE,2017-08-12,FALSE,1237.858888,FALSE,42.0005934,-87.660732,41.9982019,-87.6605241
1701041,W CARMEN AVE,N LARAMIE AVE,N ELSTON AVE,2017-06-19,FALSE,2017-08-29,FALSE,2277.729798,FALSE,41.9733874,-87.7577029,41.9736921,-87.7491933
1701159,S LOCK ST,W FULLER ST,S LYMAN ST,2017-06-21,TRUE,2017-08-30,FALSE,1917.723003,FALSE,41.8425232,-87.6633006,41.838023,-87.6594404
1701081,S KOLIN AVE,W 59TH ST,W 63RD ST,2017-06-26,TRUE,2017-09-15,FALSE,2622.652337,FALSE,41.785843,-87.731515,41.7785536,-87.7312969
1701145,S LANGLEY AVE,E 79TH ST,E 83RD ST,2017-06-26,TRUE,2017-09-06,FALSE,2621.639705,FALSE,41.7512488,-87.6076601,41.7439222,-87.6074623
1701145,E 81ST ST,S LANGLEY AVE,S EVANS AVE,2017-06-26,TRUE,2017-09-06,FALSE,331.4874711,FALSE,41.7476209,-87.6075654,41.7475529,-87.6063488
1701115,S EMERALD AVE,W 118TH ST,W 120TH ST,2017-06-29,TRUE,2017-08-26,FALSE,1338.632607,FALSE,41.6796779,-87.6407624,41.6760034,-87.6410006
1701115,W 118TH PL,S HALSTED ST,S EMERALD AVE,2017-06-29,TRUE,2017-08-26,FALSE,311.6170459,FALSE,41.6787039,-87.641863,41.6787145,-87.6407325
1001072,S ASHLAND AVE,W 18TH ST,W CERMAK RD,2017-07-05,FALSE,2017-09-24,FALSE,1960.895317,FALSE,41.857775,-87.666144,41.8523422,-87.6659443
1001072,W 21ST PL,S PAULINA ST,S ASHLAND AVE,2017-07-05,FALSE,2017-09-24,FALSE,689.1064555,FALSE,41.8531951,-87.6684886,41.853262,-87.6660906
1001072,S ASHLAND AVE,W 16TH ST,W 18TH ST,2017-07-05,FALSE,2017-09-24,FALSE,629.9320727,FALSE,41.8595944,-87.6661531,41.857775,-87.666144
1201012,N MONTICELLO AVE,W BELMONT AVE,N MILWAUKEE AVE,2017-07-05,TRUE,2017-08-25,FALSE,1201.869342,FALSE,41.9391965,-87.7186146,41.9358368,-87.7184879
1701099,W CONGRESS PKWY,S CENTRAL PARK AVE,260' EAST  OF S ST LOUIS AVE,2017-07-06,TRUE,2017-08-25,FALSE,977.4752929,FALSE,41.874485,-87.7156903,41.8745075,-87.7129224
1701099,S ST LOUIS AVE,W VAN BUREN ST,W CONGRESS PKWY,2017-07-06,TRUE,2017-08-25,FALSE,0,FALSE,41.8754239,-87.7129535,41.8745075,-87.7129224
1401203,W 23RD ST,S WOLCOTT AVE,S WOOD ST,2017-07-10,TRUE,2017-09-01,FALSE,595.2442202,FALSE,41.850405,-87.6733226,41.8507347,-87.6708972
1401203,W 22ND PL,395' WEST  OF S WOOD ST,S WOOD ST,2017-07-10,TRUE,2017-09-01,FALSE,393.2871237,FALSE,41.8514754,-87.6708872,41.8514754,-87.6708872
1401203,S WOOD ST,W 23RD ST,80' SOUTH  OF S BLUE ISLAND AVE,2017-07-10,TRUE,2017-09-01,FALSE,195.2284717,FALSE,41.8507347,-87.6708972,41.8504194,-87.670877
1601058,S AVENUE G,E 108TH ST,E 110TH ST,2017-07-10,FALSE,2017-09-19,FALSE,1248.885407,FALSE,41.699076,-87.5316533,41.69544,-87.5316585
1601058,S AVENUE H,E 108TH ST,E 110TH ST,2017-07-10,FALSE,2017-09-19,FALSE,1273.154471,FALSE,41.6990815,-87.5328732,41.695444,-87.5328558
1601119,E 111TH ST,S DR MARTIN LUTHER KING JR DR,550' EAST OF S ELLIS AVE,2017-07-10,FALSE,2017-09-29,FALSE,2805.593398,FALSE,41.6927411,-87.6133871,41.6928222,-87.6051129
1601119,S FRONT AVE,E 111TH ST,E 113TH ST,2017-07-10,FALSE,2017-09-29,FALSE,0,FALSE,41.6856911,-87.6128202,41.6891201,-87.6116642
1701100,S HEATH AVE,W 13TH ST,490' SOUTH OF W 13TH ST,2017-07-10,FALSE,2017-08-29,FALSE,476.6761158,FALSE,41.8648248,-87.6843515,41.8648248,-87.6843515
1701100,S OAKLEY AVE,W 13TH ST,500' SOUTH OF W 13TH ST,2017-07-10,FALSE,2017-08-29,FALSE,552.2687885,FALSE,41.8648317,-87.6835366,41.8648317,-87.6835366
1701143,S HOYNE AVE,W 107TH ST,S 111TH ST,2017-07-10,FALSE,2017-09-29,FALSE,2661.444463,FALSE,41.6991462,-87.6741509,41.6918808,-87.6740325
1401061,E 42ND ST,S WABASH AVE,S MICHIGAN AVE,2017-07-12,TRUE,2017-09-26,FALSE,0,FALSE,41.8183114,-87.6246959,41.8183348,-87.6230762
1401061,S MICHIGAN AVE,E 41ST ST,E 43RD ST,2017-07-12,TRUE,2017-09-26,FALSE,1248.416924,FALSE,41.8201331,-87.623125,41.8165284,-87.6230265
1401061,S INDIANA AVE,E 41ST ST,E 45TH ST,2017-07-12,TRUE,2017-09-26,FALSE,2636.945717,FALSE,41.8201556,-87.6214959,41.812936,-87.6212899
1401061,E 42ND ST,S MICHIGAN AVE,S INDIANA AVE,2017-07-12,TRUE,2017-09-26,FALSE,448.8685336,FALSE,41.8183348,-87.6230762,41.818352,-87.6214477
1601127,W ARCHER AVE,S KILDARE AVE,S LAWNDALE AVE,2017-07-19,FALSE,2017-10-08,FALSE,4696.588026,FALSE,41.8005644,-87.7307123,41.8067499,-87.7162014
1701122,S SOUTH CHICAGO AVE,S OGLESBY AVE,S COLFAX AVE,2017-07-24,FALSE,2017-10-12,FALSE,2481.243142,FALSE,41.7385828,-87.5677257,41.7339094,-87.5610615
1701150,S KEELER AVE,W CERMAK RD, OF W 24TH ST,2017-07-24,FALSE,2017-10-02,FALSE,1352.835646,FALSE,41.8515775,-87.7296164,41.847452,-87.7295065
1701150,S KEDVALE AVE,W CERMAK RD,W OGDEN AVE,2017-07-24,FALSE,2017-10-02,FALSE,444.29833,FALSE,41.8514069,-87.727985,41.8499546,-87.7279372
1701178,N HALSTED ST,W WEBSTER AVE,W ARMITAGE AVE,2017-07-24,FALSE,2017-10-12,FALSE,1290.252731,FALSE,41.9218094,-87.6486299,41.918166,-87.6485122
1701178,W DICKENS AVE,N HOWE ST,N LARRABEE ST,2017-07-24,FALSE,2017-10-12,FALSE,337.606998,FALSE,41.9200491,-87.644717,41.92007,-87.6437229
1701178,N BURLING ST,W DICKENS AVE,W ARMITAGE AVE,2017-07-24,FALSE,2017-10-12,FALSE,658.0338284,FALSE,41.9200116,-87.6474339,41.9181887,-87.6473009
1701178,N ORCHARD ST,320' SOUTH OF W DICKENS AVE,W ARMITAGE AVE,2017-07-24,FALSE,2017-10-12,FALSE,270.6338072,FALSE,41.9193841,-87.6548918,41.9182044,-87.6460965
1701178,W DICKENS AVE,N HALSTED ST,N BURLING ST,2017-07-24,FALSE,2017-10-12,FALSE,311.4783316,FALSE,41.9199845,-87.6485632,41.9200116,-87.6474339
1701178,W DICKENS AVE,N BURLING ST,N HOWE ST,2017-07-24,FALSE,2017-10-12,FALSE,0,FALSE,41.9200116,-87.6474339,41.9200491,-87.644717
1701178,N ORCHARD ST,W DICKENS AVE,320' SOUTH OF W DICKENS AVE,2017-07-24,FALSE,2017-10-12,FALSE,0,FALSE,41.922883,-87.646585,41.91994,-87.6466787
1701178,W DICKENS AVE,N LARRABEE ST,N LINCOLN AVE,2017-07-24,FALSE,2017-10-12,FALSE,651.7976441,FALSE,41.92007,-87.6437229,41.9201115,-87.6413114
501141,S BISHOP ST,W 57TH ST,W 60TH ST,2017-07-31,FALSE,2017-10-09,FALSE,2007.268901,FALSE,41.790432,-87.6608715,41.7849896,-87.6607209
1701055,W WILLOW ST,N CLYBOURN AVE,N HALSTED ST,2017-07-31,FALSE,2017-10-19,FALSE,1370.556331,FALSE,41.913728,-87.6534529,41.9138263,-87.6483413
1701055,W WILLOW ST,N HALSTED ST,N LARRABEE ST,2017-07-31,FALSE,2017-10-19,FALSE,1288.745408,FALSE,41.9138263,-87.6483413,41.9138863,-87.643509
1701140,W 105TH PL,S CHURCH ST,S VINCENNES AVE,2017-07-31,FALSE,2017-10-19,FALSE,580.2404728,FALSE,41.7022101,-87.6598257,41.7021992,-87.6577248
1701140,S VINCENNES AVE,W 103RD ST,W 107TH ST,2017-07-31,FALSE,2017-10-19,FALSE,2729.259168,FALSE,41.706787,-87.6560122,41.6994447,-87.6587258
1701142,W 87TH ST,S DAMEN AVE,S ASHLAND AVE,2017-07-31,FALSE,2017-10-19,FALSE,2567.910747,FALSE,41.7357229,-87.6727624,41.7358049,-87.6631611
1201094,W 87TH ST,220' WEST OF S HALSTED ST,S EGGLESTON AVE,2017-08-07,FALSE,2017-10-26,FALSE,2508.841553,FALSE,41.7360161,-87.6435288,41.7359518,-87.6351087
1701023,N PULASKI RD,W ARGYLE ST,W WILSON AVE,2017-08-07,FALSE,2017-10-26,FALSE,2555.930778,FALSE,41.9718807,-87.7281253,41.964098,-87.7279141
1701029,N CLARK ST,W FOSTER AVE,W LAWRENCE AVE,2017-08-07,FALSE,2017-10-26,FALSE,2663.017633,FALSE,41.9761812,-87.6684023,41.9688949,-87.6675066
1701029,W WINNEMAC AVE,N ASHLAND AVE,N GLENWOOD AVE,2017-08-07,FALSE,2017-10-26,FALSE,1398.873314,FALSE,41.9734224,-87.6694782,41.9735628,-87.664674
1701029,W AINSLIE ST,N ASHLAND AVE,N  CLARK ST,2017-08-07,FALSE,2017-10-26,FALSE,459.6541897,FALSE,41.9718459,-87.669431,41.9717417,-87.6678281
1701029,W LAWRENCE AVE,100' WEST OF N CLARK ST,N CLARK ST,2017-08-07,FALSE,2017-10-26,FALSE,98.56177725,FALSE,41.9688949,-87.6675066,41.9688949,-87.6675066
1701063,W EDDY ST,N LONG AVE,N CICERO AVE,2017-08-07,FALSE,2017-10-26,FALSE,4029.056218,FALSE,41.9450206,-87.7617931,41.9452728,-87.7469699
1701063,N LAVERGNE AVE,W EDDY ST,W CORNELIA AVE,2017-08-07,FALSE,2017-10-26,FALSE,358.9682567,FALSE,41.9451965,-87.7519684,41.9442307,-87.7519452
1701063,N LAVERGNE AVE,W ADDISON ST,W EDDY ST,2017-08-07,FALSE,2017-10-26,FALSE,0,FALSE,41.9460568,-87.7519973,41.9451965,-87.7519684
1701063,W CORNELIA AVE,N LONG AVE,N CICERO AVE,2017-08-07,FALSE,2017-10-26,FALSE,3991.614206,FALSE,41.9441082,-87.7617692,41.944302,-87.7469419
1701063,N LONG AVE,W ADDISON ST,W CORNELIA AVE,2017-08-07,FALSE,2017-10-26,FALSE,646.3317225,FALSE,41.9459352,-87.7618323,41.9441082,-87.7617692
1701084,S STEWART AVE,W MARQUETTE RD,W NORMAL PKWY,2017-08-07,FALSE,2017-09-26,FALSE,420.0290765,FALSE,41.7726366,-87.634861,41.7714495,-87.6348329
1701151,S SPAULDING AVE,W 24TH ST,W 26TH ST,2017-08-07,FALSE,2017-10-16,FALSE,1329.282951,FALSE,41.8481016,-87.7075608,41.8444767,-87.707462
1701151,W 24TH ST,S CHRISTIANA AVE,S SPAULDING AVE,2017-08-07,FALSE,2017-10-16,FALSE,329.4095524,FALSE,41.8480882,-87.7087782,41.8481016,-87.7075608
1701180,S PLYMOUTH CT,W JACKSON BLVD,W CONGRESS PKWY,2017-08-07,FALSE,2017-10-06,FALSE,836.1314991,FALSE,41.8781689,-87.6287451,41.8757059,-87.628688
1201042,N PINE AVE,W RICE ST,W HURON ST,2017-08-21,FALSE,2017-11-19,FALSE,946.8469922,FALSE,41.8957744,-87.7635947,41.8929401,-87.7634911
1201042,N WALLER AVE,W CHICAGO AVE,W OHIO ST,2017-08-21,FALSE,2017-11-19,FALSE,1297.602204,FALSE,41.8948094,-87.7678153,41.8910626,-87.7677911
1201042,W CHICAGO AVE,N WALLER AVE,N LONG AVE,2017-08-21,FALSE,2017-11-19,FALSE,1940.566148,FALSE,41.8948094,-87.7678153,41.894889,-87.7606445
1201042,W CHICAGO AVE,N AUSTIN BLVD,N WALLER AVE,2017-08-21,FALSE,2017-11-19,FALSE,1960.475894,FALSE,41.8947007,-87.7751149,41.8948094,-87.7678153
1701049,W DIVERSEY PKWY,N DAMEN AVE,N RACINE AVE,2017-08-21,FALSE,2017-11-09,FALSE,5260.884924,FALSE,41.9322851,-87.6781514,41.932556,-87.6587002
1701117,S TORRENCE AVE,170' NORTH  OF E 103RD ST,E 109TH ST,2017-08-21,FALSE,2017-11-09,FALSE,4001.530103,FALSE,41.7081783,-87.559667,41.6977438,-87.559527
1701117,E 107TH ST,S HOXIE AVE,S TORRENCE AVE,2017-08-21,FALSE,2017-11-09,FALSE,288.3212748,FALSE,41.7009555,-87.5607855,41.7009687,-87.5595717
1701117,E 104TH ST,S HOXIE AVE,S TORRENCE AVE,2017-08-21,FALSE,2017-11-09,FALSE,284.3982574,FALSE,41.7063919,-87.5608568,41.706389,-87.5596513
1701117,S HOXIE AVE,E 102ND ST,E 104TH ST,2017-08-21,FALSE,2017-11-09,FALSE,1248.872512,FALSE,41.7099365,-87.5609278,41.7063919,-87.5608568
1701165,S PAULINA ST,W 43RD ST,W 45TH ST,2017-08-21,FALSE,2017-11-09,FALSE,1284.561318,FALSE,41.8158303,-87.6675753,41.8122117,-87.6675024
1701165,W 43RD ST,1090' WEST  OF S DAMEN AVE, OF S DAMEN AVE,2017-08-21,FALSE,2017-11-09,FALSE,1092.258299,FALSE,41.8157699,-87.6759107,41.8157699,-87.6759107
1701165,W 43RD ST,S WOOD ST,S ASHLAND AVE,2017-08-21,FALSE,2017-11-09,FALSE,1300.676933,FALSE,41.8158202,-87.6700293,41.8158632,-87.6650586
1601104,N KEOKUK AVE,N KILDARE AVE,W MONTROSE AVE,2017-08-28,FALSE,2017-11-16,FALSE,1543.905751,FALSE,41.9638605,-87.7357386,41.9609146,-87.7314507
1601104,N TRIPP AVE,N KEOKUK AVE,W MONTROSE AVE,2017-08-28,FALSE,2017-11-16,FALSE,719.5806694,FALSE,41.9628145,-87.7342361,41.9608875,-87.7341689
1601104,N KEELER AVE,N KEOKUK AVE,W MONTROSE AVE,2017-08-28,FALSE,2017-11-16,FALSE,347.5454767,FALSE,41.9618348,-87.7327698,41.9609115,-87.7326875
1701031,N ELSTON AVE,N EDENS EXPY,W LELAND AVE,2017-08-28,FALSE,2017-11-16,FALSE,3318.858891,FALSE,41.971864,-87.7476753,41.9663188,-87.7375083
1701031,N KRUGER AVE,N ELSTON AVE,N EDENS EXPY OB,2017-08-28,FALSE,2017-11-16,FALSE,870.4402005,FALSE,41.9709412,-87.7447481,41.9690811,-87.7555278
1701031,N KILPATRICK AVE,N ELSTON AVE,W LAWRENCE AVE,2017-08-28,FALSE,2017-11-16,FALSE,996.0564583,FALSE,41.9701764,-87.7434968,41.9680466,-87.7456832
1701031,N KENTUCKY AVE,N ELSTON AVE,N LAWRENCE AVE,2017-08-28,FALSE,2017-11-16,FALSE,635.935455,FALSE,41.9696099,-87.7425735,41.9680647,-87.7437931
1701181,W VAN BUREN ST,S WELLS ST,S PLYMOUTH CT,2017-09-05,FALSE,2017-11-04,FALSE,1271.51766,FALSE,41.8768383,-87.6337116,41.8769112,-87.628724
1701013,S GREENWOOD AVE,E 73RD ST,S SOUTH CHICAGO AVE,2017-09-11,FALSE,2017-11-30,FALSE,657.2450054,FALSE,41.7623087,-87.5981733,41.760636,-87.5981614
1701013,S UNIVERSITY AVE,E 73RD ST,E 74TH ST,2017-09-11,FALSE,2017-11-30,FALSE,627.337317,FALSE,41.7623286,-87.5969674,41.7604984,-87.5969226
1701013,E 74TH ST,S UNIVERSITY AVE,S WOODLAWN AVE,2017-09-11,FALSE,2017-11-30,FALSE,257.6093429,FALSE,41.7604984,-87.5969226,41.7605116,-87.5956984
1701046,W MCLEAN AVE,N SAWYER AVE,N KEDZIE AVE,2017-09-11,FALSE,2017-11-20,FALSE,459.3759685,FALSE,41.918312,-87.7089385,41.918355,-87.7069251
1701046,W DICKENS AVE,N SAWYER AVE,N KEDZIE AVE,2017-09-11,FALSE,2017-11-20,FALSE,456.7844926,FALSE,41.9192027,-87.7089757,41.9192209,-87.7069578
1701046,N KEDZIE AVE,W PALMER BLVD,W ARMITAGE AVE,2017-09-11,FALSE,2017-11-20,FALSE,1155.167301,FALSE,41.9214519,-87.7067593,41.9173964,-87.706903
1701046,W PALMER BLVD,N KEDZIE AVE,N ALBANY AVE,2017-09-11,FALSE,2017-11-20,FALSE,417.4569017,FALSE,41.9214519,-87.7067593,41.9206742,-87.7053041
1701105,S PEORIA ST,W 18TH ST,S CANALPORT AVE,2017-09-11,FALSE,2017-11-30,FALSE,1463.64777,FALSE,41.8580753,-87.6482696,41.8539357,-87.6481629
1701105,S PEORIA ST,W 21ST ST,W CERMAK RD,2017-09-11,FALSE,2017-11-30,FALSE,538.937585,FALSE,41.8539357,-87.6481629,41.8526355,-87.6481279
1701105,W 20TH PL,180' WEST  OF S PEORIA ST,S PEORIA ST,2017-09-11,FALSE,2017-11-30,FALSE,189.6329947,FALSE,41.8546447,-87.6481991,41.8546447,-87.6481991
1701105,W CULLERTON ST,S SANGAMON ST,205' EAST  OF S PEORIA ST,2017-09-11,FALSE,2017-11-30,FALSE,655.1111519,FALSE,41.8552915,-87.649866,41.8553268,-87.6482055
1701025,N KENMORE AVE,W BRYN MAWR AVE,W BERWYN AVE,2017-09-18,FALSE,2017-11-27,FALSE,1955.592646,FALSE,41.9836751,-87.6566391,41.9781966,-87.656479
1701149,E 29TH ST,S STATE ST,S WABASH AVE,2017-09-18,FALSE,2017-12-07,FALSE,466.1350092,FALSE,41.8419456,-87.626863,41.8419514,-87.6252462
1701149,S WABASH AVE,E 26TH ST,E 31ST ST,2017-09-18,FALSE,2017-12-07,FALSE,2718.871689,FALSE,41.8456077,-87.6253162,41.8383211,-87.6251317
1701149,E 30TH ST,S WABASH AVE,S MICHIGAN AVE,2017-09-18,FALSE,2017-12-07,FALSE,444.410987,FALSE,41.8395858,-87.6251699,41.866073,-87.624602
1701050,N CENTRAL PARK AVE,N MILWAUKEE AVE,W DIVERSEY AVE,2017-09-25,FALSE,2017-12-14,FALSE,1169.104889,FALSE,41.9350725,-87.7172697,41.9319261,-87.7171792
1701050,N CENTRAL PARK AVE,BELMONT AVE,MILWAUKEE AVE,2017-09-25,FALSE,2017-12-14,FALSE,1467.451747,FALSE,41.9392116,-87.7173963,41.9350725,-87.7172697
1701073,W 65TH ST,S LOWE AVE,S STEWART AVE,2017-09-25,FALSE,2017-12-14,FALSE,1599.673197,FALSE,41.7761551,-87.6407635,41.776522,-87.6349426
1701073,W 66TH ST,S PARNELL AVE,S NORMAL BLVD,2017-09-25,FALSE,2017-12-14,FALSE,519.4976946,FALSE,41.7743657,-87.63879,41.7743768,-87.6368468
1701073,W 65TH PL,S PARNELL AVE,S STEWART AVE,2017-09-25,FALSE,2017-12-14,FALSE,1059.48484,FALSE,41.7752728,-87.6388163,41.7753171,-87.6349153
1701073,S NORMAL BLVD,W 65TH ST,W 66TH ST,2017-09-25,FALSE,2017-12-14,FALSE,667.7788845,FALSE,41.7761913,-87.6368856,41.7743768,-87.6368468
1701073,S PARNELL AVE,W 65TH ST,W 66TH ST,2017-09-25,FALSE,2017-12-14,FALSE,657.9877596,FALSE,41.7761789,-87.6386328,41.7743657,-87.63879
1701103,W 15TH PL,55' EAST  OF S ASHLAND AVE,110' EAST  OF S LAFLIN ST,2017-09-25,FALSE,2017-11-14,FALSE,0,FALSE,41.8605843,-87.6661862,41.8614826,-87.6638662
1701103,W 16TH ST, OF S ASHLAND AVE,S LAFLIN ST,2017-09-25,FALSE,2017-11-14,FALSE,624.6426984,FALSE,41.8595944,-87.6661531,41.8596388,-87.6638154
1701103,S LAFLIN ST,225' SOUTH  OF W 15TH ST,W 16TH ST,2017-09-25,FALSE,2017-11-14,FALSE,0,FALSE,41.8614826,-87.6638662,41.8596388,-87.6638154
1201098,S DANTE AVE,E 89TH ST,E 92ND ST,2017-10-02,FALSE,2017-12-21,FALSE,1992.583462,FALSE,41.7332153,-87.5892746,41.7277961,-87.5879195
1201098,E 91ST ST,240' WEST OF S DANTE AVE,S HARPER AVE,2017-10-02,FALSE,2017-12-21,FALSE,897.8442743,FALSE,41.7295513,-87.5891803,41.7295739,-87.5867323
1701017,W BALMORAL AVE,N DAMEN AVE,N RAVENSWOOD AVE,2017-10-02,FALSE,2017-12-21,FALSE,1086.62793,FALSE,41.979676,-87.6794939,41.9797456,-87.6745042
1701017,W BALMORAL AVE,N RAVENSWOOD,N RAVENSWOOD,2017-10-02,FALSE,2017-12-21,FALSE,118.8423345,FALSE,41.9797456,-87.6745042,41.9797456,-87.6745042
1701017,N DAMEN AVE,W RASCHER AVE,W FARRAGUT AVE,2017-10-02,FALSE,2017-12-21,FALSE,1346.373377,FALSE,41.9805783,-87.6795401,41.9769267,-87.6794185
1701108,W AUGUSTA BLVD,N CALIFORNIA AVE,N WESTERN AVE,2017-10-02,FALSE,2017-12-21,FALSE,2777.877354,FALSE,41.8992729,-87.6967777,41.8993723,-87.686993
1701108,N ROCKWELL ST,W DIVISION ST,W AUGUSTA BLVD,2017-10-02,FALSE,2017-12-21,FALSE,1310.120626,FALSE,41.9029563,-87.69194,41.8993195,-87.6918518
1701108,N ROCKWELL ST,W AUGUSTA BLVD,W CHICAGO AVE,2017-10-02,FALSE,2017-12-21,FALSE,1348.545435,FALSE,41.8993195,-87.6918518,41.8956858,-87.6917674
1701118,E 109TH ST,S BENSLEY AVE,S TORRENCE AVE,2017-10-02,FALSE,2017-12-21,FALSE,1002.125151,FALSE,41.6977185,-87.5626794,41.6977438,-87.559527
1701118,S BENSLEY AVE,E 107TH ST,E 109TH ST,2017-10-02,FALSE,2017-12-21,FALSE,1159.200578,FALSE,41.7009432,-87.5632098,41.6977185,-87.5626794
1601152,N CLARK ST,W FULLERTON PKWY,W ARMITAGE AVE,2017-10-09,FALSE,2017-12-28,FALSE,2889.560973,FALSE,41.9255854,-87.6404891,41.9184873,-87.6361058
1601152,W BELDEN AVE,N CLARK ST,N COMMONWEALTH AVE,2017-10-09,FALSE,2017-12-28,FALSE,325.5497557,FALSE,41.9237494,-87.6393669,41.9237799,-87.6380437
1601152,N CLARK ST,W ST JAMES PL,W FULLERTON PKWY,2017-10-09,FALSE,2017-12-28,FALSE,658.9566681,FALSE,41.9278052,-87.6418071,41.9255854,-87.6404891
1701060,N AUSTIN AVE,W BLOOMINGDALE AVE,W NORTH AVE,2017-10-09,FALSE,2017-12-28,FALSE,1328.527099,FALSE,41.9128971,-87.7753284,41.9093118,-87.7751856
1701060,N NARRAGANSETT AVE, OF W CORTLAND ST,W NORTH AVE,2017-10-09,FALSE,2017-12-28,FALSE,1929.003201,FALSE,41.9145875,-87.7851653,41.9091481,-87.7850007
1701060,W NORTH AVE,N NARRAGANSETT AVE,N AUSTIN AVE,2017-10-09,FALSE,2017-12-28,FALSE,2694.361087,FALSE,41.9091481,-87.7850007,41.9093118,-87.7751856
1601091,N LEAVITT ST,W ARGYLE ST,W LAWRENCE ST,2017-10-16,FALSE,2018-01-04,FALSE,1256.471442,FALSE,41.97232,-87.6841539,41.9686839,-87.6840395
1601091,W AINSLIE ST,N OAKLEY AVE,N LEAVITT AVE,2017-10-16,FALSE,2018-01-04,FALSE,600.6925267,FALSE,41.970459,-87.6865317,41.9704915,-87.684091
1601091,N BELL AVE,W ARGYLE ST,W LAWRENCE AVE,2017-10-16,FALSE,2018-01-04,FALSE,1262.236742,FALSE,41.972301,-87.6853755,41.9686579,-87.6852478
1701137,E 103RD ST,S EWING AVE,S AVENUE F,2017-10-16,FALSE,2018-01-04,FALSE,1251.034377,FALSE,41.7081944,-87.5352838,41.7082192,-87.5304442
1701137,S AVENUE F,E 103RD ST,E 104TH ST,2017-10-16,FALSE,2018-01-04,FALSE,607.4998913,FALSE,41.7082192,-87.5304442,41.7063722,-87.5304415
1701137,S AVENUE G,S INDIANAPOLIS AVE,E 103RD ST,2017-10-16,FALSE,2018-01-04,FALSE,392.1774709,FALSE,41.709461,-87.5315705,41.7082098,-87.5316548
1701054,N HUDSON AVE,W ARMITAGE AVE,W MENOMONEE ST,2017-10-23,FALSE,2018-01-01,FALSE,1345.330242,FALSE,41.9182921,-87.6400448,41.9146663,-87.6400432
1701054,W MENOMONEE ST,N CLEVELAND AVE,N SEDGWICK ST,2017-10-23,FALSE,2018-01-01,FALSE,574.257353,FALSE,41.914642,-87.6411377,41.9146829,-87.6387178
1701161,S RACINE AVE,W 51ST ST,W GARFIELD AVE,2017-10-23,FALSE,2018-01-11,FALSE,2709.419458,FALSE,41.8014455,-87.6550681,41.7941705,-87.6548627
1701161,W 52ND ST,S LOOMIS ST,S RACINE AVE,2017-10-23,FALSE,2018-01-11,FALSE,1341.073566,FALSE,41.7995519,-87.659879,41.7996244,-87.6550196
1701173,N SHEFFIELD AVE,W WOLFRAM ST,W LINCOLN AVE,2017-10-23,FALSE,2018-01-11,FALSE,0,FALSE,41.9335321,-87.6538994,41.9290017,-87.6537348
1701173,W WRIGHTWOOD AVE,N SHEFFIELD AVE,N HALSTED ST,2017-10-23,FALSE,2018-01-11,FALSE,1254.184871,FALSE,41.9290017,-87.6537348,41.9290807,-87.6488814
1701173,W WRIGHTWOOD AVE,N RACINE AVE,N LINCOLN AVE,2017-10-23,FALSE,2018-01-11,FALSE,1275.5778,FALSE,41.9289287,-87.658589,41.9290017,-87.6537348
301345,N WESTERN AVE,W FULLERTON AVE,N MILWAUKEE AVE,2017-11-06,FALSE,2018-01-25,FALSE,2918.337786,FALSE,41.9249027,-87.6877031,41.9168644,-87.6874576
301345,W MCLEAN AVE,N WESTERN AVE,N OAKLEY AVE,2017-11-06,FALSE,2018-01-25,FALSE,631.7938624,FALSE,41.9186051,-87.687355,41.9183731,-87.6849868
301345,N WESTERN AVE,170' NORTH OF W ALTGELD ST,W FULLERTON AVE,2017-11-06,FALSE,2018-01-25,FALSE,850.1292722,FALSE,41.9267134,-87.687626,41.9249027,-87.6877031
1601050,W HARRISON ST,S DAMEN AVE,S ASHLAND AVE,2017-11-06,FALSE,2018-01-25,FALSE,2645.407502,FALSE,41.8740438,-87.6765697,41.8741438,-87.6666767
1601124,W 55TH ST,S PULASKI RD,S CENTRAL PARK AVE,2017-11-06,FALSE,2018-01-25,FALSE,2616.442768,FALSE,41.7931949,-87.723218,41.7927388,-87.7622891
1601158,W 31ST ST,S HAYNES CT,S MORGAN ST,2017-11-06,FALSE,2017-12-26,FALSE,1285.081418,FALSE,41.8379214,-87.65566,41.8380043,-87.6511129
1601178,S KEDZIE AVE,W 59TH ST,W 63RD ST,2017-11-06,FALSE,2018-01-25,FALSE,2634.079502,FALSE,41.7862437,-87.7033336,41.7789788,-87.7031286
1701163,E 53RD ST,S DORCHESTER AVE,S LAKE PARK AVE,2017-11-06,FALSE,2018-01-25,FALSE,1068.098448,FALSE,41.7994889,-87.5917812,41.7995452,-87.5873447
1701163,S DORCHESTER AVE,E 53RD ST,E 55TH ST,2017-11-06,FALSE,2018-01-25,FALSE,1454.709323,FALSE,41.7994889,-87.5917812,41.7955065,-87.5916808
1701163,E 53RD ST,S LAKE PARK AVE,S HYDE PARK BLVD,2017-11-06,FALSE,2018-01-25,FALSE,0,FALSE,41.7995452,-87.5873447,41.7996017,-87.5840465
601111,N LAWNDALE AVE,W DIVERSEY AVE,W WRIGHTWOOD AVE,2017-11-20,FALSE,2018-01-09,FALSE,1282.063988,FALSE,41.931889,-87.7196269,41.928215,-87.719532
1401274,N BOSWORTH AVE,W FULLERTON AVE,N CLYBOURN AVE,2017-12-04,FALSE,2018-01-23,FALSE,570.2741085,FALSE,41.9251599,-87.6669911,41.9236803,-87.6672693
1701135,S BRANDON AVE,E 81ST ST,E 82ND ST,2017-12-04,FALSE,2018-02-22,FALSE,679.4120098,FALSE,41.7483455,-87.5467752,41.7465324,-87.5467265
1701135,S SOUTH SHORE DR,300' SOUTH  OF E 79TH ST,E 81ST ST,2017-12-04,FALSE,2018-02-22,FALSE,1009.444813,FALSE,41.7519942,-87.5478878,41.748326,-87.5479907
1701135,E 81ST ST,S COLES ST,S BRANDON AVE,2017-12-04,FALSE,2018-02-22,FALSE,662.4554949,FALSE,41.7483118,-87.5492005,41.7483455,-87.5467752
1701135,E 80TH ST,S COLES AVE,S SOUTH SHORE DR,2017-12-04,FALSE,2018-02-22,FALSE,0,FALSE,41.7501284,-87.549237,41.7501513,-87.5480294
1701135,E 80TH ST,S SOUTH SHORE DR,S BRANDON AVE,2017-12-04,FALSE,2018-02-22,FALSE,336.5221708,FALSE,41.7501513,-87.5480294,41.7501703,-87.546818
1701135,S COLES AVE,E 81ST ST,E 82ND ST,2017-12-04,FALSE,2018-02-22,FALSE,657.7005694,FALSE,41.7483118,-87.5492005,41.7464965,-87.549152
1401145,W SUPERIOR ST,N DEARBORN ST,N RUSH ST,,FALSE,,FALSE,1100.59416,FALSE,41.8956408,-87.6297434,41.8957261,-87.625488
1701001,N WABASH AVE,E DELAWARE PL,E CHESTNUT ST,,FALSE,,FALSE,0,FALSE,41.8991489,-87.6269488,41.8983402,-87.6269217
1701001,W DELAWARE PL,N DEARBORN ST,N STATE ST,,FALSE,,FALSE,382.5348253,FALSE,41.8991076,-87.6298287,41.8991286,-87.6282699
1701001,E DELAWARE PL,N STATE ST,N RUSH ST,,FALSE,,FALSE,382.7145416,FALSE,41.8991286,-87.6282699,41.8991566,-87.6267584
1701001,N WABASH AVE,E PEARSON ST,E CHICAGO AVE,,FALSE,,FALSE,188.7643251,FALSE,41.8975357,-87.6268688,41.8966948,-87.6268613
1701002,E WALTON PL,N MICHIGAN AVE,N LAKE SHORE DR,,FALSE,,FALSE,1308.701641,FALSE,41.8999992,-87.6240775,41.9000772,-87.6192636
1301225,S STEWART AVE,W 31ST ST,W 33RD ST,2017-01-20,TRUE,2017-03-07,TRUE,1290.186772,TRUE,41.8381615,-87.6363641,41.8345314,-87.6358962
1301225,W 31ST ST,S STEWART AVE,S WENTWORTH AVE,2017-01-20,TRUE,2017-03-07,TRUE,1264.275457,TRUE,41.8381615,-87.6363641,41.8382248,-87.6316771
1601169,S CALUMET AVE,E 41ST ST,E 43RD ST,2017-01-20,TRUE,2017-06-09,TRUE,1368.098584,TRUE,41.8202023,-87.6184552,41.8165995,-87.6183518
1601169,S PRAIRIE AVE,E PERSHING RD,E 44TH ST,2017-01-20,TRUE,2017-06-09,TRUE,3248.378316,TRUE,41.8237918,-87.6199801,41.8147551,-87.6197459
1601169,E 42ND ST,S INDIANA AVE,150' EAST OF S CALUMET AVE,2017-01-20,TRUE,2017-06-09,TRUE,0,TRUE,41.818352,-87.6214477,41.8184014,-87.6184021
1601169,E 41ST ST,S STATE ST,S DR MARTIN LUTHER KING JR DR,2017-01-20,TRUE,2017-06-09,TRUE,2511.922405,TRUE,41.8201034,-87.626432,41.8202239,-87.6168883
1601169,S STATE ST,120' SOUTH  OF W PERSHING RD,W 43RD ST,2017-01-20,TRUE,2017-06-09,TRUE,0,TRUE,41.8237127,-87.6264741,41.8164929,-87.6262091
1601169,E 42ND ST,S STATE ST,S WABASH AVE,2017-01-20,TRUE,2017-06-09,TRUE,0,TRUE,41.8182874,-87.6263659,41.8183114,-87.6246959
1701019,N LEAVITT ST,W PALMER ST,W ARMITAGE AVE,2017-01-23,TRUE,2017-04-18,TRUE,1549.60746,TRUE,41.9219111,-87.6826811,41.917664,-87.6825313
1701019,W WEBSTER AVE,N LEAVITT ST,N HOYNE AVE,2017-01-23,TRUE,2017-04-18,TRUE,614.6859662,TRUE,41.9213184,-87.6826453,41.9213595,-87.6802092
1701019,N LEAVITT ST,W ARMITAGE AVE,N MILWAUKEE AVE,2017-01-23,TRUE,2017-04-18,TRUE,1459.101474,TRUE,41.917664,-87.6825313,41.9135831,-87.6824136
1701045,N ROCKWELL ST,W ARMITAGE AVE,W BLOOMINGDALE AVE,2017-01-23,TRUE,2017-02-23,TRUE,1375.869897,TRUE,41.917547,-87.6922876,41.9139685,-87.6922032
1401292,N LOREL AVE,W PALMER ST,W GRAND AVE,2017-02-02,TRUE,2017-02-23,TRUE,915.2988699,TRUE,41.9204073,-87.7597153,41.9176155,-87.7596234
1701021,N MAPLEWOOD AVE,W LOGAN BLVD (SOUTH),W FULLERTON AVE,2017-02-24,TRUE,2017-03-29,TRUE,1226.209404,TRUE,41.9285148,-87.6914259,41.9248776,-87.6915155
1701021,W ALTGELD ST,30' WEST  OF N MAPLEWOOD AVE,40' EAST  OF N MAPLEWOOD AVE,2017-02-24,TRUE,2017-03-29,TRUE,0,TRUE,41.9266899,-87.691369,41.9266899,-87.691369
1601174,N MASSASOIT AVE,W NORTH AVE,W DIVISION ST,2017-02-27,TRUE,2017-04-07,TRUE,2560.692568,TRUE,41.9092652,-87.7695303,41.902083,-87.7692748
1401291,N MENARD AVE,W FULLERTON AVE,W GRAND AVE,2017-03-07,TRUE,2017-04-14,TRUE,1559.262549,TRUE,41.9238572,-87.7708432,41.9196509,-87.7706996
1601134,N AVERS AVE,W CHICAGO AVE,W FERDINAND ST,2017-03-07,TRUE,2017-05-12,TRUE,2005.556264,TRUE,41.8953937,-87.7224051,41.8898967,-87.7222567
1701040,N ROCKWELL ST,W CARMEN AVE,W AINSLIE ST,2017-03-07,TRUE,2017-05-17,TRUE,1203.543705,TRUE,41.9740076,-87.693978,41.9707738,-87.6938817
1701040,W CARMEN AVE,N ROCKWELL ST,N LINCOLN AVE,2017-03-07,TRUE,2017-05-17,TRUE,601.2175846,TRUE,41.9740076,-87.693978,41.9740337,-87.692044
1701040,W ARGYLE ST,N ROCKWELL ST,N LINCOLN AVE,2017-03-07,TRUE,2017-05-17,TRUE,797.3305286,TRUE,41.9722057,-87.6939222,41.971888,-87.6906712
1701040,W AINSLIE ST,N TALMAN AVE,N LINCOLN AVE,2017-03-07,TRUE,2017-05-17,TRUE,1361.741576,TRUE,41.9707621,-87.6950777,41.9708116,-87.6899414
1701066,S CLYDE AVE,E 73RD ST,E 77TH ST,2017-03-07,TRUE,2017-07-16,FALSE,2646.388358,TRUE,41.7625287,-87.5737244,41.7552577,-87.5736257
1701066,S CLYDE AVE,E 77TH ST,E 79TH ST,2017-03-07,TRUE,2017-07-16,FALSE,1309.69848,TRUE,41.7552577,-87.5736257,41.7516253,-87.5735431
1601184,S CHARLES ST,W 95TH ST,W 100TH PL,2017-03-09,TRUE,2017-07-14,FALSE,3739.712864,TRUE,41.7212379,-87.6642829,41.7113174,-87.6605139
1601184,W 100TH PL,S PROSPECT AVE,S MALTA ST,2017-03-09,TRUE,2017-07-14,FALSE,970.4549226,TRUE,41.7112089,-87.6625245,41.711337,-87.6589741
1601122,S HOYNE AVE,W 101ST ST,W 103RD ST,2017-03-16,TRUE,2017-04-25,TRUE,1325.208078,TRUE,41.7101333,-87.6744711,41.7064783,-87.6752159
1701067,S VERNON AVE,E 75TH ST,E 79TH ST,2017-03-23,TRUE,2017-07-18,FALSE,2663.431144,TRUE,41.7584242,-87.6138977,41.7511461,-87.6137112
1701067,E 77TH ST,S DR MARTIN LUTHER KING JR DR,S EBERHART AVE,2017-03-23,TRUE,2017-07-18,FALSE,655.6974114,TRUE,41.7547572,-87.6150445,41.7548037,-87.612594
1701067,E 77TH ST,S ST LAWRENCE AVE,S COTTAGE GROVE AVE,2017-03-23,TRUE,2017-07-18,FALSE,1287.635732,TRUE,41.7548426,-87.610188,41.7549211,-87.6052998
1701067,S RHODES AVE,E 75TH ST,E 79TH ST,2017-03-23,TRUE,2017-07-18,FALSE,2655.249239,TRUE,41.7584714,-87.6114538,41.7511875,-87.6112867
1701067,E 77TH ST,S EBERHART AVE,S ST LAWRENCE AVE,2017-03-23,TRUE,2017-07-18,FALSE,660.9479078,TRUE,41.7548037,-87.612594,41.7548426,-87.610188
1701154,W 46TH ST,S WALLACE ST,300' EAST OF S NORMAL AVE,2017-03-24,TRUE,2017-04-26,TRUE,950.9879751,TRUE,41.810768,-87.6407186,41.8108172,-87.6382858
1701024,N SPAULDING AVE,W ARDMORE AVE,W BRYN MAWR AVE,2017-03-27,TRUE,2017-06-09,TRUE,1311.968866,TRUE,41.9866717,-87.7114432,41.9830438,-87.7112952
1701024,W VICTORIA ST,N SPAULDING AVE,N JERSEY AVE,2017-03-27,TRUE,2017-06-09,TRUE,457.0244254,TRUE,41.9857705,-87.7114028,41.9858675,-87.7096686
1701024,W HOLLYWOOD AVE,N SPAULDING AVE,N JERSEY AVE,2017-03-27,TRUE,2017-06-09,TRUE,523.1863617,TRUE,41.984852,-87.7113651,41.9849665,-87.7093876
1701024,W OLIVE AVE,N SPAULDING AVE,N JERSEY AVE,2017-03-27,TRUE,2017-06-09,TRUE,589.1736576,TRUE,41.9839477,-87.7113362,41.9840629,-87.7091312
1701076,S CARPENTER ST,W 77TH ST,W 79TH ST,2017-03-28,TRUE,2017-06-29,TRUE,1334.186663,TRUE,41.7541829,-87.6502067,41.7505344,-87.6501055
1701076,W 77TH ST,S ABERDEEN ST,S HALSTED ST,2017-03-28,TRUE,2017-06-29,TRUE,1962.099133,TRUE,41.7541618,-87.6514115,41.7542754,-87.644135
1401197,N SAWYER AVE,N MILWAUKEE AVE,W WRIGHTWOOD AVE,2017-03-31,TRUE,2017-05-26,TRUE,706.563556,TRUE,41.9302314,-87.7093023,41.9283531,-87.7093957
1401197,W WRIGHTWOOD AVE,N KIMBALL AVE,N SAWYER AVE,2017-03-31,TRUE,2017-05-26,TRUE,769.1032645,TRUE,41.92832,-87.7121865,41.9283531,-87.7093957
1401197,N SPAULDING AVE,N MILWAUKEE AVE,W WRIGHTWOOD AVE,2017-03-31,TRUE,2017-05-26,TRUE,999.8924898,TRUE,41.93099,-87.710521,41.9283351,-87.7108534
1501271,N NEWLAND AVE,W GRAND AVE,W PALMER ST,2017-04-10,TRUE,2017-06-02,TRUE,1283.43558,TRUE,41.9235581,-87.7988931,41.9199183,-87.7989114
1501271,W PALMER ST,N SAYRE AVE,N NEWLAND AVE,2017-04-10,TRUE,2017-06-02,TRUE,535.8654638,TRUE,41.9199082,-87.8006196,41.9199183,-87.7989114
1701008,N NAGLE AVE,W ADDISON ST,W BELMONT AVE,2017-04-10,TRUE,2017-05-26,TRUE,2675.306953,TRUE,41.9456421,-87.7875494,41.9382947,-87.7872636
1701152,S CALUMET AVE,E 37TH ST,E 38TH ST,2017-04-11,TRUE,2017-05-12,TRUE,663.8940207,TRUE,41.8274458,-87.6183264,41.8256238,-87.6180029
1701152,E 38TH ST,S GILES AVE,S DR MARTIN LUTHER KING DR,2017-04-11,TRUE,2017-05-12,TRUE,485.938266,TRUE,41.8256249,-87.6192137,41.8256499,-87.6170331
1201020,N WASHTENAW AVE,300' NORTH OF W SCHUBERT AVE,W LOGAN BLVD,2017-04-14,TRUE,2017-05-10,TRUE,814.1650523,TRUE,41.9302865,-87.6951637,41.9284795,-87.695096
1201020,N TALMAN AVE,W SCHUBERT AVE,W LOGAN BLVD (NORTH),2017-04-14,TRUE,2017-05-10,TRUE,554.6707059,TRUE,41.9302896,-87.6939181,41.9284894,-87.6938742
1401065,S CALUMET AVE,E PERSHING RD,E 41ST ST,2017-04-14,TRUE,2017-05-18,TRUE,1281.799945,TRUE,41.823815,-87.6182066,41.8202023,-87.6184552
1701086,W 67TH PL,S HAMLIN AVE,S CENTRAL PARK AVE,2017-04-17,TRUE,2017-07-14,FALSE,1263.999008,TRUE,41.770528,-87.7176435,41.7715206,-87.7125394
1701086,S HAMLIN AVE,W MARQUETTE RD,W 68TH PL,2017-04-17,TRUE,2017-07-14,FALSE,970.9706725,TRUE,41.7714478,-87.71767,41.768708,-87.7176007
1701121,E 93RD ST,S LYON AVE,S COTTAGE GROVE AVE,2017-04-18,TRUE,2017-05-24,TRUE,897.6099512,TRUE,41.7256379,-87.6082262,41.725696,-87.6046362
1701167,S PRAIRIE AVE,E 37TH ST,E PERSHING RD,2017-04-24,TRUE,2017-07-31,FALSE,1284.938745,TRUE,41.8274091,-87.6204622,41.8237918,-87.6199801
1701167,W 38TH ST,S INDIANA AVE,S PRAIRIE AVE,2017-04-24,TRUE,2017-07-31,FALSE,268.3897195,TRUE,41.8255735,-87.6216348,41.8255127,-87.6204214
1501258,W 103RD ST,S RACINE AVE,S HALSTED ST,2017-04-26,TRUE,2017-07-18,FALSE,2638.35193,TRUE,41.7068382,-87.6525522,41.7069195,-87.6428975
1701097,S KOLIN AVE,W ROOSEVELT RD,W 16TH ST,2017-04-26,TRUE,2017-06-16,TRUE,2613.215876,TRUE,41.8660472,-87.7337351,41.8587521,-87.7334957
1701097,W 14TH ST,S KILBOURN AVE,S KOLIN AVE,2017-04-26,TRUE,2017-06-16,TRUE,997.279425,TRUE,41.8623452,-87.7372981,41.8623968,-87.7336269
1701015,N WHIPPLE ST,W IRVING PARK RD,W ADDISON AVE,2017-05-08,TRUE,2017-09-24,FALSE,2569.031934,TRUE,41.9538992,-87.7043482,41.9466558,-87.7041389
1701018,N TALMAN AVE,W LOGAN BLVD (SOUTH),W FULLERTON AVE,2017-05-08,TRUE,2017-06-12,TRUE,1237.597201,TRUE,41.9284894,-87.6938742,41.9248189,-87.6937719
1701018,W ALTGELD ST,N WASHTENAW AVE,N TALMAN AVE,2017-05-08,TRUE,2017-06-12,TRUE,316.862154,TRUE,41.9266461,-87.6950249,41.9266583,-87.6938084
1701056,N FRANCISCO AVE,W LOGAN BLVD,W FULLERTON AVE,2017-05-11,TRUE,2017-06-09,TRUE,1414.808936,TRUE,41.9284394,-87.6999711,41.9247423,-87.6998568
601191,E 36TH ST,S WABASH AVE,S INDIANA AVE,2017-05-18,TRUE,2017-06-28,TRUE,799.9583019,TRUE,41.829599,-87.624656,41.8296086,-87.6217296
601191,S MICHIGAN AVE,E 35TH ST,E 37TH ST,2017-05-18,TRUE,2017-06-28,TRUE,1206.647136,TRUE,41.8310445,-87.6232472,41.8273939,-87.6231645
601191,S MICHIGAN AVE,E 37TH ST,E 39TH ST,2017-05-18,TRUE,2017-06-28,TRUE,1264.432885,TRUE,41.8273939,-87.6231645,41.8237641,-87.6318598
1701133,S CREGIER AVE,E 83RD ST,E 85TH ST,2017-05-19,TRUE,2017-10-03,FALSE,1327.711956,TRUE,41.7442568,-87.5807058,41.7406148,-87.5806448
1701133,E 83RD PL,S STONY ISLAND AVE,S CREGIER AVE,2017-05-19,TRUE,2017-10-03,FALSE,1226.573537,TRUE,41.743277,-87.5857827,41.7433465,-87.5806922
1701133,E 84TH ST,S STONY ISLAND AVE,S CREGIER AVE,2017-05-19,TRUE,2017-10-03,FALSE,1226.06864,TRUE,41.7423664,-87.5853345,41.742435,-87.5806844
1401113,N PARKSIDE AVE,W HIRSCH ST,W DIVISION ST,2017-05-22,TRUE,2017-07-28,FALSE,1353.790664,TRUE,41.905732,-87.7669915,41.902123,-87.7668382
1701169,S HONORE ST,W 71ST ST,W 74TH ST,2017-05-22,TRUE,2017-08-07,FALSE,1966.311638,TRUE,41.7648459,-87.6698844,41.7593758,-87.6697482
1701037,W GRACE ST,N CENTRAL PARK AVE,N ST LOUIS AVE,2017-05-25,TRUE,2017-08-11,FALSE,667.5525143,TRUE,41.9501428,-87.7176982,41.9501918,-87.715266
1701037,N DRAKE AVE,N GRACE ST,W ADDISON ST,2017-05-25,TRUE,2017-08-11,FALSE,1327.439914,TRUE,41.9501632,-87.716472,41.9465227,-87.7163797
1701037,N DRAKE AVE,N ELSTON AVE,W GRACE ST,2017-05-25,TRUE,2017-08-11,FALSE,603.1219478,TRUE,41.9518966,-87.7165364,41.9501632,-87.716472
1701037,W GRACE ST,N ST LOUIS AVE,N ELSTON AVE,2017-05-25,TRUE,2017-08-11,FALSE,0,TRUE,41.9501918,-87.715266,41.9501886,-87.7140414
1601155,W CORTEZ ST,N LAVERGNE AVE,N LAMON AVE,2017-05-30,TRUE,2017-07-24,FALSE,668.1828854,TRUE,41.8995531,-87.7507953,41.8995708,-87.748361
1601155,N LAVERGNE AVE,W THOMAS AVE,W SUPERIOR ST,2017-05-30,TRUE,2017-07-24,FALSE,2322.605767,TRUE,41.9004626,-87.7508265,41.8940209,-87.7506623
1701044,N HUMBOLDT BLVD,WABANSIA AVE,NORTH AVE,2017-05-30,TRUE,2017-06-30,TRUE,717.7836069,TRUE,41.9121432,-87.7019126,41.9102338,-87.7021987
1701044,W WABANSIA AVE,N HUMBOLDT BLVD,N CALIFORNIA AVE,2017-05-30,TRUE,2017-06-30,TRUE,1213.873564,TRUE,41.9121432,-87.7019126,41.9120358,-87.6970241
1701058,N KOSTNER AVE,W ADDISON ST,300' NORTH OF W ROSCOE ST,2017-06-05,TRUE,2017-08-01,FALSE,1129.79148,TRUE,41.9462416,-87.7371997,41.942604,-87.7373099
1701168,W 32ND PL,S ASHLAND AVE,195' EAST OF S ASHLAND AVE,2017-06-09,TRUE,2017-07-30,FALSE,171.1903861,TRUE,41.8347424,-87.6657414,41.8347424,-87.6657414
1701168,W 32ND ST,S PAULINA ST,S ASHLAND AVE,2017-06-09,TRUE,2017-07-30,FALSE,599.716226,TRUE,41.8355212,-87.668072,41.8355523,-87.6656101
1701168,W 32ND PL,S PAULINA ST,S ASHLAND AVE,2017-06-09,TRUE,2017-07-30,FALSE,593.54228,TRUE,41.8347217,-87.6680463,41.8347424,-87.6657414
1701057,N WHIPPLE ST,W DIVERSEY AVE,W LOGAN BLVD N,2017-06-12,TRUE,2017-07-14,FALSE,1161.09854,TRUE,41.9320623,-87.7037368,41.9284086,-87.7036488
1301177,N DRAKE AVE,W DIVERSEY AVE,W WRIGHTWOOD AVE,2017-06-13,TRUE,2017-07-31,FALSE,1341.244066,TRUE,41.9319355,-87.7159559,41.9282722,-87.7158544
1701033,N OAKLEY AVE,W GRACE ST,W ADDISON ST,2017-06-13,TRUE,2017-07-30,FALSE,1305.525399,TRUE,41.9504058,-87.6859276,41.9467591,-87.6858235
1701109,S PULASKI RD,W ROOSEVELT RD,W 18TH ST,2017-06-22,TRUE,2017-08-06,FALSE,3256.189882,TRUE,41.8661652,-87.7251651,41.8570426,-87.7248956
1701113,N LONG AVE,W WEST END AVE,W MADISON ST,2017-06-23,TRUE,2017-08-29,FALSE,1423.191231,TRUE,41.8839872,-87.7602379,41.8803052,-87.7601097
1701113,W WEST END AVE,N CENTRAL AVE,N LONG AVE,2017-06-23,TRUE,2017-08-29,FALSE,1328.289098,TRUE,41.8842237,-87.7650027,41.8839872,-87.7602379
1701077,S ROCKWELL ST,W 71ST ST,W 75TH ST,2017-06-27,TRUE,2017-09-05,FALSE,2574.399589,TRUE,41.7646164,-87.6881349,41.7581402,-87.629063
1401300,N LAWNDALE AVE,W BELMONT AVE,N MILWAUKEE AVE,2017-06-28,TRUE,2017-08-28,FALSE,901.0866316,TRUE,41.9391789,-87.7198481,41.9367626,-87.7199679
1401300,N RIDGEWAY AVE,W BELMONT AVE,N MILWAUKEE AVE,2017-06-28,TRUE,2017-08-28,FALSE,712.8201997,TRUE,41.9391732,-87.7210732,41.9360187,-87.7188009
1701160,W 34TH ST,S ARCHER AVE,S ASHLAND AVE,2017-06-29,TRUE,2017-08-14,FALSE,2268.49204,TRUE,41.8326824,-87.6738892,41.8323347,-87.6656684
1701160,S MARSHFIELD AVE,W 34TH ST,W 35TH ST,2017-06-29,TRUE,2017-08-14,FALSE,627.6061033,TRUE,41.8323186,-87.6667712,41.8304895,-87.6667191
1701146,N SPAULDING AVE,W MONTROSE AVE,W BERTEAU AVE,2017-07-11,TRUE,2017-08-30,FALSE,1340.222644,TRUE,41.9611665,-87.7106786,41.9575367,-87.7105817
1701146,W PENSACOLA AVE,N KIMBALL AVE,N SPAULDING AVE,2017-07-11,TRUE,2017-08-30,FALSE,617.5002955,TRUE,41.9602272,-87.7130908,41.9602528,-87.7106727
1501369,S MICHIGAN AVE,E CERMAK RD,E 24TH PL,2017-07-12,FALSE,2017-09-08,FALSE,1645.818559,TRUE,41.8527944,-87.6238013,41.8484115,-87.6236937
1701027,N CLAREMONT AVE,W ARGYLE ST,W LAWRENCE AVE,2017-07-12,TRUE,2017-08-14,FALSE,1279.172708,TRUE,41.9722656,-87.6877871,41.9686244,-87.6876797
1701091,W CARROLL AVE,KOSTNER AVE,KEELER AVE,2017-07-12,TRUE,2017-09-20,FALSE,1337.881002,TRUE,41.8868699,-87.73567,41.88694,-87.7307413
1701091,N KARLOV AVE,W CARROLL AVE,W LAKE ST,2017-07-12,TRUE,2017-09-20,FALSE,437.4330777,TRUE,41.8867797,-87.7282846,41.8856229,-87.7282422
1701091,N KEELER AVE,W CARROLL AVE,W LAKE ST,2017-07-12,TRUE,2017-09-20,FALSE,393.8770632,TRUE,41.88694,-87.7307413,41.885768,-87.7307274
1701091,W CARROLL AVE,N KEELER AVE,N PULASKI RD,2017-07-12,TRUE,2017-09-20,FALSE,1299.926575,TRUE,41.88694,-87.7307413,41.8868172,-87.7258303
1701091,N PULASKI RD,W CARROLL AVE,W LAKE ST,2017-07-12,TRUE,2017-09-20,FALSE,524.5557935,TRUE,41.8868172,-87.7258303,41.8855158,-87.7257906
1701186,S JUSTINE ST,W 45TH ST,W 46TH ST,2017-07-18,FALSE,2017-08-08,FALSE,645.664504,TRUE,41.8122104,-87.6638546,41.8104309,-87.6638011
1701171,N KOLMAR AVE,W ADDISON ST,W SCHOOL ST,2017-07-19,FALSE,2017-09-19,FALSE,1942.39986,TRUE,41.9462102,-87.7409298,41.9407436,-87.7407767
1601188,E 73RD ST,S SOUTH CHICAGO AVE,S UNIVERSITY AVE,2017-07-20,FALSE,2017-08-23,FALSE,0,TRUE,41.7622831,-87.6006699,41.7623286,-87.5969674
1701022,N KEDVALE AVE,N AVONDALE AVE,W GRACE ST,2017-07-20,FALSE,2017-09-08,FALSE,1036.074136,TRUE,41.9527866,-87.730815,41.9499849,-87.7307309
1701022,N AVONDALE AVE,W IRVING PARK RD,N KEDVALE AVE,2017-07-20,FALSE,2017-09-08,FALSE,427.9446357,TRUE,41.9536039,-87.7321841,41.9527866,-87.730815
1701128,W 97TH PL,S LOOMIS ST,S VINCENNES AVE,2017-07-20,FALSE,2017-09-13,FALSE,1401.628146,TRUE,41.7169186,-87.657582,41.7169927,-87.6522364
1701128,W 97TH ST,S LOOMIS ST,S VINCENNES AVE,2017-07-20,FALSE,2017-09-13,FALSE,1459.90776,TRUE,41.7180614,-87.6576136,41.7181495,-87.651812
1701166,S SEELEY AVE,W 53RD PL,W GARFIELD BLVD,2017-07-20,FALSE,2017-09-26,FALSE,1000.350059,TRUE,41.7966326,-87.6755965,41.793527,-87.6755035
1701166,W 54TH ST,500' WEST OF S HOYNE AVE,S HOYNE AVE,2017-07-20,FALSE,2017-09-26,FALSE,479.8773563,TRUE,41.7957128,-87.6767897,41.7957128,-87.6767897
1701166,W 54TH PL,450' WEST OF S HOYNE AVE,S HOYNE AVE,2017-07-20,FALSE,2017-09-26,FALSE,408.3194406,TRUE,41.7947953,-87.6767588,41.7947953,-87.6767588
1701170,N KILDARE AVE,25' SOUTH OF N MILWAUKEE AVE,W ROSCOE ST,2017-07-20,FALSE,2017-09-05,FALSE,1066.03825,TRUE,41.945738,-87.7347676,41.9426268,-87.7346727
1301216,W WELLINGTON AVE,N FRANCISCO AVE,N CALIFORNIA AVE,2017-07-24,FALSE,2017-09-14,FALSE,657.2806611,TRUE,41.9357688,-87.7001185,41.935744,-87.6977133
1301216,N FRANCISCO AVE,W FLETCHER ST,W WELLINGTON AVE,2017-07-24,FALSE,2017-09-14,FALSE,985.1399198,TRUE,41.9384527,-87.700237,41.9357688,-87.7001185
1701132,W 80TH ST,S PARNELL AVE,S NORMAL AVE,2017-07-24,FALSE,2017-10-13,FALSE,336.7788164,TRUE,41.7488929,-87.6378762,41.7489122,-87.6366612
1701132,W 79TH PL,S NORMAL AVE,S VINCENNES AVE,2017-07-24,FALSE,2017-10-13,FALSE,609.3413,TRUE,41.749777,-87.6366889,41.7497936,-87.6343891
1701132,S NORMAL BLVD,W 79TH ST,80TH ST,2017-07-24,FALSE,2017-10-13,FALSE,666.1974053,TRUE,41.7507409,-87.636709,41.7489122,-87.6366612
1701132,W 80TH ST,NORMAL AVE,VINCENNES AVE,2017-07-24,FALSE,2017-10-13,FALSE,542.1008349,TRUE,41.7489122,-87.6366612,41.7489524,-87.634756
1701132,S PARNELL AVE,W 79TH ST,W 81ST ST,2017-07-24,FALSE,2017-10-13,FALSE,1331.231562,TRUE,41.7507071,-87.6379254,41.7470899,-87.6378387
1701132,W 79TH ST,S PARNELL AVE,S VINCENNES AVE,2017-07-24,FALSE,2017-10-13,FALSE,1039.312493,TRUE,41.7507071,-87.6379254,41.750783,-87.6342559
1701157,S HAMILTON AVE,W 91ST ST,W 92ND ST,2017-07-24,FALSE,2017-10-11,FALSE,628.4822351,TRUE,41.7283186,-87.676219,41.7265005,-87.6761624
1701157,S HAMILTON AVE,W 89TH ST,W 91ST ST,2017-07-24,FALSE,2017-10-11,FALSE,1304.033261,TRUE,41.7319256,-87.6763235,41.7283186,-87.676219
1801008,W LELAND AVE,N VIRGINIA AVE,N ROCKWELL ST,2017-07-24,FALSE,2017-10-11,FALSE,1173.576046,TRUE,41.9666943,-87.6979407,41.9667368,-87.6937398
1801008,W LELAND AVE,N ROCKWELL ST,N WESTERN AVE,2017-07-24,FALSE,2017-10-11,FALSE,1292.390217,TRUE,41.9667368,-87.6937398,41.9667478,-87.688774
1801008,N TALMAN AVE,W LAWRENCE AVE,W LELAND AVE,2017-07-24,FALSE,2017-10-11,FALSE,666.7216582,TRUE,41.9685638,-87.6950145,41.9667226,-87.6949492
1801008,N CAMPBELL AVE,W LAWRENCE AVE,W LELAND AVE,2017-07-24,FALSE,2017-10-11,FALSE,656.0725978,TRUE,41.9685905,-87.6913291,41.9667587,-87.6913029
1801008,N MAPLEWOOD AVE,W LAWRENCE AVE,W LELAND AVE,2017-07-24,FALSE,2017-10-11,FALSE,637.8069575,TRUE,41.9685798,-87.6925844,41.9667499,-87.6925206
1801008,N ARTESIAN AVE,W LAWRENCE AVE,W LELAND AVE,2017-07-24,FALSE,2017-10-11,FALSE,637.9050954,TRUE,41.9686013,-87.6901148,41.9667702,-87.6900689
1701085,S CAMPBELL AVE,W 59TH ST,W 63RD ST,2017-08-01,FALSE,2017-10-04,FALSE,2667.226426,TRUE,41.7865101,-87.6862756,41.779229,-87.6860884
1701085,W 61ST ST,S CAMPBELL AVE,S WESTERN AVE,2017-08-01,FALSE,2017-10-04,FALSE,647.7460094,TRUE,41.7828667,-87.6861806,41.7828812,-87.6838002
1701098,W WALTON ST,N KEDZIE AVE,N SACRAMENTO BLVD,2017-08-02,FALSE,2017-10-09,FALSE,947.4767254,TRUE,41.8999228,-87.6360329,41.8980196,-87.7019214
1701098,N SACRAMENTO BLVD,W AUGUSTA BLVD,W GRAND AVE,2017-08-02,FALSE,2017-10-09,FALSE,812.0201256,TRUE,41.8992317,-87.7019513,41.8964116,-87.7018686
1301219,S KEELER AVE,W 18TH ST,W CULLERTON ST,2017-08-03,FALSE,2017-10-13,FALSE,918.8549673,TRUE,41.85697,-87.7297665,41.8543411,-87.7297132
1301219,W CULLERTON ST,S KOSTNER AVE,S PULASKI RD,2017-08-03,FALSE,2017-10-13,FALSE,2585.866253,TRUE,41.8542695,-87.7346133,41.8544039,-87.7248332
1701112,S PULASKI RD,W MADISON ST,W CONGRESS PKWY,2017-08-03,FALSE,2017-11-10,FALSE,2264.688307,TRUE,41.8807321,-87.7256605,41.8743513,-87.7254164
1701148,S BRIGHTON PL,S ARCHER AVE,S TALMAN AVE,2017-08-08,FALSE,2017-10-13,FALSE,736.3352299,TRUE,41.8212843,-87.6924645,41.8196253,-87.6907706
1701148,W 40TH PL,S TALMAN AVE,S ROCKWELL ST,2017-08-08,FALSE,2017-10-13,FALSE,289,TRUE,41.8196253,-87.6907706,41.8196132,-87.6896368
1701148,W 39TH PL,S ARCHER AVE,S TALMAN AVE,2017-08-08,FALSE,2017-10-13,FALSE,144.2851806,TRUE,41.8219305,-87.6914098,41.8219439,-87.6908379
1701148,S TALMAN AVE,W 39TH PL,W 40TH PL,2017-08-08,FALSE,2017-10-13,FALSE,834.9760054,TRUE,41.8219439,-87.6908379,41.8196253,-87.6907706
1701148,W 40TH ST,190' WEST OF S TALMAN AVE,S TALMAN AVE,2017-08-08,FALSE,2017-10-13,FALSE,189.5634997,TRUE,41.8211289,-87.6908109,41.8211289,-87.6908109
1401331,N KOSTNER AVE,W ROSCOE ST,W BELMONT AVE,2017-08-16,FALSE,2017-10-09,FALSE,1370.758687,TRUE,41.942604,-87.7373099,41.9389664,-87.7370121
1401331,W MELROSE ST,N KOSTNER AVE,310' EAST OF N KOSTNER AVE,2017-08-16,FALSE,2017-10-09,FALSE,308.6954329,TRUE,41.9398695,-87.7370511,41.9398695,-87.7370511
1701083,S NORMAL BLVD,W MARQUETTE RD,W 69TH ST,2017-08-16,FALSE,2017-10-05,FALSE,1321.233627,TRUE,41.7725773,-87.6373319,41.7689477,-87.6372329
1701036,W ARGYLE ST, OF N LEAVITT ST, OF N WINCHESTER AVE,2017-08-23,FALSE,2017-10-25,FALSE,1768.000819,TRUE,41.97232,-87.6841539,41.9724193,-87.6777976
1701036,W ARGYLE ST, OF N WINCHESTER AVE,195' WEST OF N RAVENSWOOD AVE,2017-08-23,FALSE,2017-10-25,FALSE,738.8448324,TRUE,41.9724193,-87.6777976,41.9715559,-87.6751227
1701036,N WINCHESTER AVE,W WINNEMAC AVE,W LAWRENCE AVE,2017-08-23,FALSE,2017-10-25,FALSE,1600.160529,TRUE,41.9732689,-87.6777917,41.9687665,-87.6776956
1301090,N HAMLIN AVE,W MONTROSE AVE,N ELSTON AVE,2017-08-31,FALSE,2017-10-19,FALSE,1649.181548,TRUE,41.9610123,-87.7229321,41.9561937,-87.7227901
1301090,W BERTAU AVE,N HAMLIN AVE,N CENTRAL PARK AVE,2017-08-31,FALSE,2017-10-19,FALSE,0,TRUE,41.9573586,-87.7228287,41.9574342,-87.7179191
1701172,S FRANCISCO AVE,S ARCHER AVE,W 47TH ST,2017-08-31,FALSE,2017-11-17,FALSE,3696.007081,TRUE,41.818546,-87.6969704,41.8082506,-87.6966606
1701014,W WINNEMAC AVE,N DAMEN AVE,N RAVENSWOOD AVE,2017-09-07,FALSE,2017-11-29,FALSE,1205.991449,TRUE,41.9732533,-87.679303,41.9733625,-87.6743282
1701014,N WINCHESTER AVE,W FOSTER AVE,W WINNEMAC AVE,2017-09-07,FALSE,2017-11-29,FALSE,976.5906464,TRUE,41.9760503,-87.6778557,41.9732689,-87.6777917
1701014,W WINONA ST,N DAMEN AVE,N WINCHESTER AVE,2017-09-07,FALSE,2017-11-29,FALSE,389.6835763,TRUE,41.9746916,-87.6793497,41.9747268,-87.6778463
1301181,S CHRISTIANA AVE,W 55TH ST,W 59TH ST,2017-09-08,FALSE,2017-11-30,FALSE,2680.909937,TRUE,41.7934641,-87.7072265,41.7862043,-87.7070086
1701114,S RACINE AVE,W 101ST ST,W 107TH ST,2017-09-13,FALSE,2017-11-30,FALSE,3945.911195,TRUE,41.7104619,-87.6526315,41.6995338,-87.6523333
1701114,W 107TH ST,S RACINE AVE,200' WEST  OF S RACINE AVE,2017-09-13,FALSE,2017-11-30,FALSE,221.2610523,TRUE,41.6995338,-87.6523333,41.6995338,-87.6523333
1701038,W AGATITE AVE,N CENTRAL AVE,N LAVERGNE AVE,2017-09-20,FALSE,2017-12-06,FALSE,4074.454417,TRUE,41.9613903,-87.7672685,41.9615653,-87.7524333
1701038,N LARAMIE AVE,W SUNNYSIDE AVE,W AGATITE AVE,2017-09-20,FALSE,2017-12-06,FALSE,318.0647679,TRUE,41.9624619,-87.757434,41.9615078,-87.7574145
1701078,S WASHTENAW AVE,W 55TH ST,W 59TH ST,2017-09-20,FALSE,2017-11-10,FALSE,2639.767513,TRUE,41.7937459,-87.6913547,41.7864407,-87.6911423
1701164,S MORGAN ST,W 51ST ST,300' NORTH OF W GARFIELD BLVD,2017-10-04,FALSE,2017-12-04,FALSE,2464.31676,TRUE,41.8015233,-87.6502019,41.7942518,-87.6500038
1701164,W 53RD ST,S ABERDEEN AVE,S MORGAN ST,2017-10-04,FALSE,2017-12-04,FALSE,585.0424554,TRUE,41.7978333,-87.6525466,41.7977695,-87.6501012
1801011,N WHIPPLE ST,W WILSON AVE,W MONTROSE AVE,2017-10-04,FALSE,2017-12-05,FALSE,1279.680222,TRUE,41.9647198,-87.7046604,41.9612048,-87.704576
1801011,N SACRAMENTO AVE,W LAWRENCE AVE,W MONTROSE AVE,2017-10-04,FALSE,2017-12-05,FALSE,2648.418472,TRUE,41.9685012,-87.7035717,41.9612165,-87.7033487
1701071,S WABASH AVE,E 66TH ST,E MARQUETTE RD,2017-10-05,FALSE,2017-10-31,FALSE,656.2265993,TRUE,41.7746166,-87.6239718,41.7727798,-87.6239263
1601028,N MENARD AVE,W CHICAGO AVE,W LAKE ST,2017-10-09,FALSE,2017-12-01,FALSE,2510.521623,TRUE,41.8947815,-87.7701093,41.8878723,-87.7698902
1601028,N MENARD AVE,W LAKE ST,W CORCORAN PL,2017-10-09,FALSE,2017-12-01,FALSE,0,TRUE,41.8878723,-87.7698902,41.8871408,-87.77
1701147,S JUSTINE ST,W 83RD ST,W 85TH ST,2017-10-11,FALSE,2017-12-04,FALSE,1301.432443,TRUE,41.7430895,-87.6616369,41.7394501,-87.6615407
1701059,N HARDING AVE,W ARMITAGE AVE,600' SOUTH OF W CORTLAND ST,2017-10-13,FALSE,2017-11-20,FALSE,1219.575845,TRUE,41.9171989,-87.7253024,41.9153581,-87.7252679
1701094,N CAMPBELL AVE,W MAYPOLE AVE,W MADISON ST,2017-10-13,FALSE,2017-11-22,FALSE,965.5762446,TRUE,41.8837525,-87.6885495,41.8811602,-87.6884739
1701111,N SPRINGFIELD AVE, OF W NORTH AVE, OF W DIVISION ST,2017-10-13,FALSE,2017-11-30,FALSE,2564.348423,TRUE,41.9098618,-87.7238804,41.9027009,-87.7238525
1701111,N HAMLIN AVE,W GRAND AVE,W DIVISION ST,2017-10-13,FALSE,2017-11-30,FALSE,441.4624561,TRUE,41.9041953,-87.7214677,41.9027137,-87.7214159
1701153,S MILLARD AVE,W 53RD ST,W 55TH ST,2017-10-13,FALSE,2017-11-29,FALSE,1333.759186,TRUE,41.7970027,-87.7146781,41.7933307,-87.7145741
1701156,S CALUMET AVE,E 53RD ST,E GARFIELD BLVD,2017-10-13,FALSE,2017-12-05,FALSE,1415.330268,TRUE,41.7984218,-87.6176958,41.7947463,-87.6176027
1701032,W WINONA ST,N LARAMIE AVE,200' WEST OF N LAVERGNE AVE,2017-10-19,FALSE,2017-11-27,FALSE,1073.121045,TRUE,41.9743089,-87.7577336,41.974348,-87.7528627
1301272,S SANGAMON ST,W 52ND ST,W 53RD ST,2017-11-10,FALSE,2017-12-29,FALSE,724.218026,TRUE,41.7997116,-87.6489372,41.7977799,-87.6489021
1301272,W 52ND ST,S MORGAN ST,S PEORIA ST,2017-11-10,FALSE,2017-12-29,FALSE,671.6001125,TRUE,41.7996646,-87.6501564,41.7997303,-87.6477236
1701158,W 51ST ST,S ST LOUIS AVE,S KEDZIE AVE,2017-11-17,FALSE,2018-02-22,FALSE,1994.701661,TRUE,41.8007304,-87.7111264,41.800846,-87.7037392
1701158,S SPAULDING AVE,600' NORTH  OF W 51ST ST,W 55TH ST,2017-11-17,FALSE,2018-02-22,FALSE,3296.227569,TRUE,41.8007981,-87.7061944,41.793488,-87.7059974
1701158,S HOMAN AVE,600' NORTH  OF W 51ST ST,W 51ST ST,2017-11-17,FALSE,2018-02-22,FALSE,566.6986138,TRUE,41.800766,-87.7086595,41.800766,-87.7086595
1301269,S LOTUS AVE,W MADISON ST,W HARRISON ST,2017-11-20,FALSE,2018-02-20,FALSE,2685.7593,TRUE,41.8802799,-87.7618164,41.8728537,-87.761549
1301269,S LOCKWOOD AVE,W ADAMS ST,W JACKSON BLVD,2017-11-20,FALSE,2018-02-20,FALSE,630.528506,TRUE,41.8784441,-87.7663698,41.876619,-87.7575429
1301269,W QUINCY ST,S CENTRAL AVE,S LARAMIE AVE,2017-11-20,FALSE,2018-02-20,FALSE,2538.505996,TRUE,41.8774312,-87.7647591,41.877562,-87.7549488
1701093,N MONTICELLO AVE,W CHICAGO AVE,540' SOUTH  OF W FERDINAND ST,2017-11-22,FALSE,2018-01-18,FALSE,2556.930178,TRUE,41.8954421,-87.7175234,41.8899409,-87.7173948
1301011,N MAGNOLIA AVE,W ARGYLE ST,W LAWRENCE AVE,2017-11-29,FALSE,2018-01-29,FALSE,1326.700787,TRUE,41.9726478,-87.6611458,41.9689902,-87.6614547
1301011,W ARGYLE ST,N CLARK ST,N BROADWAY,2017-11-29,FALSE,2018-01-29,FALSE,2185.801974,TRUE,41.9725439,-87.6679235,41.9726709,-87.6597893
1301011,N GLENWOOD AVE,W ARGYLE ST,305' SOUTH OF W ARGYLE ST,2017-11-29,FALSE,2018-01-29,FALSE,308.6863257,TRUE,41.9725882,-87.6646616,41.9725882,-87.6646616
1701155,S KILDARE BLVD,W 45TH ST,W 47TH ST,2017-11-29,FALSE,2018-01-09,FALSE,1282.039431,TRUE,41.8114214,-87.7311988,41.8077688,-87.730905
1701134,W 103RD ST,S HALSTED AVE,S EGGLESTON AVE,2017-11-30,FALSE,2018-03-02,FALSE,2454.248926,TRUE,41.7069195,-87.6428975,41.7070318,-87.6335811
1701134,S LOWE AVE,W 103RD ST,W 104TH ST,2017-11-30,FALSE,2018-03-02,FALSE,565.0389444,TRUE,41.7069663,-87.6391915,41.7051511,-87.6479178
1701134,W 103RD ST,S EGGLESTON AVE,S STATE ST,2017-11-30,FALSE,2018-03-02,FALSE,2702.281118,TRUE,41.7070318,-87.6335811,41.7071536,-87.623499
1701134,W 103RD ST,S STATE ST,S MICHIGAN AVE,2017-11-30,FALSE,2018-03-02,FALSE,879.459577,TRUE,41.7071536,-87.623499,41.7072104,-87.6202083
1701185,W 111TH ST,S ROCKWELL AVE,S WESTERN AVE,2017-11-30,FALSE,2018-01-23,FALSE,1317.261127,TRUE,41.691744,-87.685904,41.6917929,-87.6811517
1701104,W 13TH ST,S DAMEN AVE,S WOLCOTT AVE,2017-12-01,FALSE,2018-01-25,FALSE,666.9038937,TRUE,41.8649342,-87.6762775,41.8649649,-87.6737461
1701104,S WOLCOTT AVE,W WASHBURNE AVE,W 13TH ST,2017-12-01,FALSE,2018-01-25,FALSE,360.7919038,TRUE,41.8658769,-87.6737723,41.8649649,-87.6737461
1701104,S HOYNE AVE,W WASHBURNE AVE,W 13 ST,2017-12-01,FALSE,2018-01-25,FALSE,284.4247647,TRUE,41.8658122,-87.6783946,41.8649011,-87.6786337
1601154,S WENTWORTH AVE,W 69TH ST,S VINCENNES AVE,2017-12-04,FALSE,2018-02-19,FALSE,2663.43366,TRUE,41.7690601,-87.6299501,41.761895,-87.6295498
1601154,S PERRY AVE,W 69TH ST,W 71ST ST,2017-12-04,FALSE,2018-02-19,FALSE,1254.33254,TRUE,41.7691282,-87.6282585,41.7654684,-87.6281481
1601154,W 70TH ST,S WENTWORTH AVE,S PERRY AVE,2017-12-04,FALSE,2018-02-19,FALSE,443.3924746,TRUE,41.7672498,-87.6298089,41.7672823,-87.6282111
1601154,W 72ND ST,S YALE AVE,S WENTWORTH AVE,2017-12-04,FALSE,2018-02-19,FALSE,350.34633,TRUE,41.7635822,-87.6309563,41.7635983,-87.6297149
1701174,W THORNDALE AVE,N RAVENSWOOD AVE,N CLARK ST,2017-12-05,FALSE,2018-02-06,FALSE,1304.520096,TRUE,41.9883238,-87.674641,41.9884388,-87.6697205
1701174,N PAULINA ST,W THORNDALE AVE,W ROSEHILL DR,2017-12-05,FALSE,2018-02-06,FALSE,618.1786132,TRUE,41.9883787,-87.6715532,41.9078815,-87.6702949
1701174,N PAULINA AVE,N RIDGE AVE,W THORNDALE AVE,2017-12-05,FALSE,2018-02-06,FALSE,682.3125594,TRUE,41.9904131,-87.6713216,41.9883787,-87.6715532
1701174,N HERMITAGE AVE,N PETERSON AVE,W ROSEHILL DR,2017-12-05,FALSE,2018-02-06,FALSE,1438.149019,TRUE,41.9908508,-87.673181,41.9866851,-87.6730942
1601011,N RAVENSWOOD AVE,W IRVING PARK RD,W WAVELAND AVE,2017-12-14,FALSE,2018-02-14,FALSE,1995.005541,TRUE,41.9542729,-87.6742216,41.9487499,-87.6736717
1601011,N RAVENSWOOD AVE,W WAVELAND AVE,W ADDISON ST,2017-12-14,FALSE,2018-02-14,FALSE,669.4736224,TRUE,41.9487499,-87.6736717,41.9469342,-87.6737251
