date,address,1st,4th,6th,5min,5min2,study,partial,site,lat,lng
2016-09-28,10050 S. Eggleston Ave.,1.9,1.4,1.5,1.3,,TRUE,FALSE,,41.7110277,-87.6340037
2016-09-28,10150 S. Eggleston Ave.,1.9,1.5,1.8,0.8,,TRUE,FALSE,,41.7091933,-87.6339517
2017-01-10,10150 S. Eggleston Ave.,1.8,1.1,1.1,0.7,0.7,TRUE,FALSE,,41.7091933,-87.6339517
2017-02-08,10150 S. Eggleston Ave.,2,1.1,1.2,0.6,,TRUE,FALSE,,41.7091933,-87.6339517
2017-03-07,10150 S. Eggleston Ave.,2.1,1,1,0.7,,TRUE,FALSE,,41.7091933,-87.6339517
2017-04-04,10150 S. Eggleston Ave.,1.7,1.1,1.1,0.8,,TRUE,FALSE,,41.7091933,-87.6339517
2017-05-09,10150 S. Eggleston Ave.,2.1,1.5,1.4,1.2,,TRUE,FALSE,,41.7091933,-87.6339517
2017-06-06,10150 S. Eggleston Ave.,1.4,1,1.1,0.9,,TRUE,FALSE,,41.7091933,-87.6339517
2017-06-20,10150 S. Racine Ave.,3.1,4.7,4.4,2.7,,TRUE,FALSE,,41.7085171,-87.6529603
2016-09-28,10250 S. Eggleston Ave. ,3.8,7.6,10,4.7,,TRUE,FALSE,1,41.7075565,-87.6339329
2017-01-10,10250 S. Eggleston Ave. ,4.1,4.2,7.9,1.8,,TRUE,FALSE,1,41.7075565,-87.6339329
2016-10-12,10250 S. Eggleston Ave. ,5.5,8,13,5.3,,TRUE,FALSE,2,41.7075565,-87.6339329
2017-01-12,10250 S. Eggleston Ave. ,4.8,4.8,8.4,2.3,,TRUE,FALSE,2,41.7075565,-87.6339329
2016-09-29,10250 S. Eggleston Ave. ,1.9,1,0.9,0.6,,TRUE,FALSE,3,41.7075565,-87.6339329
2017-01-11,10250 S. Eggleston Ave. ,1.8,1.9,1.9,0.8,,TRUE,FALSE,3,41.7075565,-87.6339329
2016-09-15,10350 S. Racine Ave.,5.5,5,18,4.5,,TRUE,FALSE,,41.705945,-87.6525292
2016-09-15,1050 W. 103rd St.,6.4,2.6,4,2,,TRUE,FALSE,,41.7070607,-87.6496363
2017-02-08,10450 S. Artesian Ave.,3.7,2,3.3,1.3,1.2,TRUE,FALSE,,41.7030334,-87.6830689
2017-03-08,10450 S. Artesian Ave.,3.2,3.6,3.9,1.2,,TRUE,FALSE,,41.7030334,-87.6830689
2017-07-28,10550 S. Racine Ave.,4.4,3.9,12,8.4,,TRUE,FALSE,,41.7015865,-87.6529912
2017-08-08,10550 S. Racine Ave.,4.3,6.8,7.6,4.3,,TRUE,FALSE,,41.7015865,-87.6529912
2017-06-20,10650 S. Racine Ave.,1.2,2.6,2.5,2.3,,TRUE,FALSE,,41.7008068,-87.6526369
2017-06-23,10750 S. Ave. N,5,14,12,3.1,,TRUE,FALSE,,41.702734,-87.5388981
2017-07-21,10750 S. Ave. N,5.8,23,15,4.4,,TRUE,FALSE,,41.702734,-87.5388981
2017-04-04,1150 W. 104th St.,4.4,2.6,2.3,0.6,,TRUE,FALSE,,41.7052269,-87.6520822
2017-04-14,1150 W. 104th St.,1.2,1,1.1,0.7,,TRUE,FALSE,,41.7052269,-87.6520822
2017-08-23,1150 W. 19th Pl.,2.2,4.2,6.2,2.7,,TRUE,FALSE,,41.8560923,-87.6551741
2016-08-25,1150 E. 81st St. ,2,2.2,1.8,1.2,1.2,TRUE,FALSE,1,41.7477329,-87.59763
2016-12-15,1150 E. 81st St. ,3.8,3.3,13,1,,TRUE,FALSE,1,41.7477329,-87.59763
2016-08-25,1150 E. 81st St. ,1.2,1.9,2.9,0.9,,TRUE,FALSE,2,41.7477329,-87.59763
2016-12-15,1150 E. 81st St. ,0.8,1.2,2.5,0.4,0.3,TRUE,FALSE,2,41.7477329,-87.59763
2017-06-20,1150 W. 102nd St.,3.1,3,8.1,1.8,1.8,TRUE,FALSE,,41.7088463,-87.6521978
2017-04-14,1250 W. 97th St. ,1,2.6,3.3,1.2,,TRUE,FALSE,1,41.7183165,-87.6549725
2017-04-14,1250 W. 97th St. ,2.2,2.7,4.2,0.8,,TRUE,FALSE,2,41.7183165,-87.6549725
2017-04-17,1250 W. 97th St. ,5.1,11,11,7.4,,TRUE,FALSE,3,41.7183165,-87.6549725
2017-04-13,1250 W. 97th St. ,1.1,1.5,1.7,0.9,,TRUE,FALSE,4,41.7183165,-87.6549725
2017-05-12,1250 W. 97th St. ,0.9,0.9,0.9,0.7,,TRUE,FALSE,5,41.7183165,-87.6549725
2017-04-21,1250 W. 97th Pl. ,1.7,2.2,2.7,1.3,,TRUE,FALSE,1,41.7172769,-87.6549513
2017-04-13,1250 W. 97th Pl. ,4.3,6.5,6.5,1.4,,TRUE,FALSE,2,41.7172769,-87.6549513
2017-06-01,1250 W. 97th St. ,0.8,0.8,1.1,0.6,,TRUE,FALSE,6,41.7183165,-87.6549725
2017-04-21,1250 W. 97th Pl. ,2,2.5,2.6,1.1,,TRUE,FALSE,3,41.7172769,-87.6549513
2017-04-14,1250 W. 97th St. ,4.3,4,3.9,1.4,,TRUE,FALSE,7,41.7183165,-87.6549725
2017-04-14,1250 W. 97th Pl. ,1.2,1.2,2.5,0.7,,TRUE,FALSE,5,41.7172769,-87.6549513
2017-04-14,1350 W. 97th St. ,2.5,2.2,2.3,1.2,,TRUE,FALSE,1,41.7182656,-87.657332
2017-04-13,1350 W. 97th St. ,7.2,4.5,4.3,1.7,,TRUE,FALSE,2,41.7182656,-87.657332
2017-04-14,1350 W. 97th St. ,1.4,1.6,4.2,0.9,,TRUE,FALSE,3,41.7182656,-87.657332
2017-04-14,1350 W. 97th St. ,1.5,1.2,1.3,0.9,,TRUE,FALSE,4,41.7182656,-87.657332
2017-04-14,1350 W. 97th St. ,2.6,4.9,4.8,2.4,,TRUE,FALSE,5,41.7182656,-87.657332
2017-04-19,1350 W. 97th Pl.,2,1.5,1.6,1,,TRUE,FALSE,,41.7172331,-87.6572845
2017-04-17,1450 W. Touhy Ave.,0.9,3.3,6.4,0.3,,TRUE,FALSE,,42.013005,-87.6676673
2017-05-08,1450 W. Touhy Ave.,1.8,5.8,4.5,0.5,,TRUE,FALSE,,42.013005,-87.6676673
2016-10-26,150 W. 70th St. ,1.6,1.8,1.9,0.7,,TRUE,FALSE,1,41.7674178,-87.6291075
2016-10-25,1550 S. St. Louis Ave.,0,0,0,0,,TRUE,FALSE,,41.859325,-87.713127
2017-05-25,1550 S. St. Louis Ave.,0,0,0,0,,TRUE,FALSE,,41.859325,-87.713127
2016-10-26,150 W. 70th St. ,0.9,0.8,1.5,0.6,,TRUE,FALSE,2,41.7674178,-87.6291075
2016-11-22,1650 W. 37th St.,3.2,6.1,8.8,1.9,,TRUE,FALSE,,41.8269483,-87.6672015
2017-06-23,1850 W. 34th St. ,7.7,5.9,8.4,1.9,,TRUE,FALSE,1,41.8325036,-87.6724273
2017-06-23,1850 W. 34th St. ,1.8,3.5,4.2,2.3,,TRUE,FALSE,3,41.8325036,-87.6724273
2017-06-23,1850 W. 34th St. ,3.3,3.5,5.9,2.3,,TRUE,FALSE,4,41.8325036,-87.6724273
2017-06-23,1850 W. 34th St. ,2.2,1.7,1.9,0.9,,TRUE,FALSE,5,41.8325036,-87.6724273
2017-06-23,1850 W. 34th St. ,2.6,1,1.2,0.9,,TRUE,FALSE,6,41.8325036,-87.6724273
2016-09-08,2150 N. Springfield Ave. ,0.8,0.6,0.6,0.5,,TRUE,FALSE,1,41.9205738,-87.7244478
2016-11-02,2150 W. Agatite Ave. ,7.3,22,16,3.4,,TRUE,FALSE,1,41.9625066,-87.6834608
2017-01-18,2150 W. Agatite Ave. ,6.8,12,9,2.1,,TRUE,FALSE,1,41.9625066,-87.6834608
2016-09-07,2150 N. Springfield Ave. ,2,1.7,1.6,1.5,,TRUE,FALSE,2,41.9205738,-87.7244478
2017-01-11,2150 N. Springfield Ave. ,1.1,0.8,0.9,0.5,,TRUE,FALSE,2,41.9205738,-87.7244478
2017-02-08,2150 N. Springfield Ave. ,1.1,0.6,0.6,0.4,,TRUE,FALSE,2,41.9205738,-87.7244478
2017-03-13,2150 N. Springfield Ave. ,1.3,0.9,0.9,0.5,,TRUE,FALSE,2,41.9205738,-87.7244478
2017-04-04,2150 N. Springfield Ave. ,0.8,0.8,0.8,0.7,,TRUE,FALSE,2,41.9205738,-87.7244478
2017-05-03,2150 N. Springfield Ave. ,0.9,1,1.1,0.8,,TRUE,FALSE,2,41.9205738,-87.7244478
2017-06-07,2150 N. Springfield Ave. ,1.4,1.5,1.7,1.2,1.2,TRUE,FALSE,2,41.9205738,-87.7244478
2017-03-23,2150 W. Grace St.,5.2,4.3,4,2.7,,TRUE,FALSE,,41.950646,-87.6831334
2016-10-27,2150 W. Sunnyside Ave. ,4.3,5.5,6.4,3.8,,TRUE,FALSE,1,41.9634465,-87.6826717
2017-01-20,2150 W. Sunnyside Ave. ,3,4.2,7.9,5,,TRUE,FALSE,1,41.9634465,-87.6826717
2016-11-03,2150 N. Maplewood Ave. ,0,0,0,0,,TRUE,FALSE,1,41.9207505,-87.6913748
2017-03-15,2150 N. Maplewood Ave. ,0,0,0,0,,TRUE,FALSE,1,41.9207505,-87.6913748
2017-06-08,2150 W. 54th Pl.,1.8,1.8,2.6,1,,TRUE,FALSE,,41.7947809,-87.6784184
2016-10-27,2150 N. Maplewood Ave. ,4.3,5.6,5.3,4.1,,TRUE,FALSE,2,41.9207505,-87.6913748
2017-03-15,2150 N. Maplewood Ave. ,4.2,6.5,5.8,2.5,,TRUE,FALSE,2,41.9207505,-87.6913748
2016-10-27,2150 W. Agatite Ave. ,1.7,2.2,1.9,1,0.9,TRUE,FALSE,2,41.9625066,-87.6834608
2017-01-18,2150 W. Agatite Ave. ,1.1,1,1,0.5,,TRUE,FALSE,2,41.9625066,-87.6834608
2016-09-08,2150 N. Avers Ave.,6.8,10,11,7.4,,TRUE,FALSE,,41.9205783,-87.7232069
2017-01-11,2150 N. Avers Ave.,6,8.8,12,8.7,,TRUE,FALSE,,41.9205783,-87.7232069
2016-11-03,2150 N. Maplewood Ave. ,2.2,0.7,0.7,0.6,,TRUE,FALSE,3,41.9207505,-87.6913748
2017-03-16,2150 N. Maplewood Ave. ,0.7,0.7,1.6,0.7,,TRUE,FALSE,3,41.9207505,-87.6913748
2016-10-27,2150 W. Sunnyside Ave. ,4.8,5.1,9.1,4.2,,TRUE,FALSE,2,41.9634465,-87.6826717
2017-01-20,2150 W. Sunnyside Ave. ,2.1,4,7.3,2.2,,TRUE,FALSE,2,41.9634465,-87.6826717
2016-10-27,2250 N. Maplewood Ave.,3.2,11,7.3,3.2,,TRUE,FALSE,,41.9231276,-87.6916824
2017-03-15,2250 N. Maplewood Ave.,2.7,2.9,2.4,1.6,,TRUE,FALSE,,41.9231276,-87.6916824
2017-04-12,2250 N. Maplewood Ave.,4.2,10,6.2,2.1,,TRUE,FALSE,,41.9231276,-87.6916824
2017-05-17,2250 N. Maplewood Ave.,4.5,12,7.9,2.8,,TRUE,FALSE,,41.9231276,-87.6916824
2017-06-21,2250 N. Maplewood Ave.,3.8,13,8.5,3.4,,TRUE,FALSE,,41.9231276,-87.6916824
2017-07-12,2250 N. Maplewood Ave.,3.8,11,8.2,3.7,,TRUE,FALSE,,41.9231276,-87.6916824
2017-08-16,2250 N. Maplewood Ave.,5.3,11,8,4.5,,TRUE,FALSE,,41.9231276,-87.6916824
2016-10-27,2350 N. Maplewood Ave.,2.8,5.7,6.1,2.8,,TRUE,FALSE,,41.9245657,-87.6917683
2017-03-21,2350 N. Maplewood Ave.,2.7,7.2,7.8,1.5,,TRUE,FALSE,,41.9245657,-87.6917683
2016-09-15,2350 W. Jarvis Ave.,6.1,10,3.1,1.8,,TRUE,FALSE,,42.015812,-87.6894687
2016-12-21,2350 W. Jarvis Ave.,5.3,5.3,7.4,1.2,1.3,TRUE,FALSE,,42.015812,-87.6894687
2017-03-28,2450 N. Talman Ave. ,8.6,23,18,4.6,,TRUE,FALSE,1,41.9262942,-87.6940842
2017-07-18,2450 N. Talman Ave. ,14,26,20,7.7,,TRUE,FALSE,1,41.9262942,-87.6940842
2017-03-22,2450 N. Francisco Ave. ,2.8,6.3,4.5,1.4,,TRUE,FALSE,1,41.9263486,-87.7002008
2017-07-11,2450 N. Francisco Ave. ,4.9,8.5,6.3,3.1,,TRUE,FALSE,1,41.9263486,-87.7002008
2017-08-23,2450 N. Francisco Ave. ,4.7,6.7,6.8,9.2,,TRUE,FALSE,1,41.9263486,-87.7002008
2017-04-03,2450 N. Francisco AVE ,7,37,37,4.9,,TRUE,FALSE,2,41.9263486,-87.7002008
2017-07-11,2450 N. Francisco AVE ,9.4,11,9.8,4.2,4,TRUE,FALSE,2,41.9263486,-87.7002008
2017-04-03,2450 N. Francisco Ave. ,0,0,0,0,,TRUE,FALSE,3,41.9263486,-87.7002008
2017-07-18,2450 N. Francisco Ave. ,0,0,0,0,,TRUE,FALSE,3,41.9263486,-87.7002008
2017-08-16,2450 N. Francisco Ave. ,0,0,0,0,,TRUE,FALSE,3,41.9263486,-87.7002008
2017-04-07,2450 N. Talman Ave. ,4.2,1.3,1.3,1.1,,TRUE,FALSE,2,41.9262942,-87.6940842
2017-04-06,2450 N. Talman Ave. ,5.1,11,9.7,1.9,1.9,TRUE,FALSE,3,41.9262942,-87.6940842
2017-07-18,2450 N. Talman Ave. ,4.4,7.7,9.5,3.2,,TRUE,FALSE,3,41.9262942,-87.6940842
2017-03-16,2450 N. Hamlin Ave.,15,3.8,4.1,1.8,,FALSE,FALSE,,41.92602,-87.722168
2017-04-18,2450 N. Hamlin Ave.,25,19,270,2.9,,FALSE,FALSE,,41.92602,-87.722168
2017-04-06,2550 N. Washtenaw Ave.,2.1,2.2,1.8,1.4,,TRUE,FALSE,,41.9276258,-87.6950643
2017-07-19,2550 N. Washtenaw Ave.,2.4,2.9,2.8,2.6,,TRUE,FALSE,,41.9276258,-87.6950643
2017-04-19,2550 N. Talman Ave.,0.8,0.7,0.9,0.5,0.5,TRUE,FALSE,,41.9279232,-87.6940275
2017-07-19,2550 N. Talman Ave.,0.6,0.8,0.8,0.7,,TRUE,FALSE,,41.9279232,-87.6940275
2016-10-19,2550 N. Keeler Ave.,3.6,5.3,25,7,,TRUE,FALSE,,41.9273612,-87.7320407
2017-05-17,2550 N. Keeler Ave.,4.2,6,20,3.2,,TRUE,FALSE,,41.9273612,-87.7320407
2016-11-03,2550 W. Shakespeare Ave.,2.8,2.5,4.4,1.6,,TRUE,FALSE,,41.9207776,-87.6913696
2017-03-14,2550 W. Shakespeare Ave.,1.7,1.3,1.7,0.9,,TRUE,FALSE,,41.9207776,-87.6913696
2017-04-12,2550 W. Shakespeare Ave.,1.6,1.6,2.7,1.1,1.2,TRUE,FALSE,,41.9207776,-87.6913696
2017-05-17,2550 W. Shakespeare Ave.,1.6,1.4,1.9,1.4,,TRUE,FALSE,,41.9207776,-87.6913696
2017-06-14,2550 W. Shakespeare Ave.,1.4,1.4,1.5,1.3,,TRUE,FALSE,,41.9207776,-87.6913696
2017-07-12,2550 W. Shakespeare Ave.,1.7,1.2,1.7,1.7,,TRUE,FALSE,,41.9207776,-87.6913696
2017-08-16,2550 W. Shakespeare Ave.,1.8,1.7,1.9,1.9,,TRUE,FALSE,,41.9207776,-87.6913696
2017-03-28,2650 W. Homer St.,13,3.4,2.9,1.8,,TRUE,FALSE,,41.9168455,-87.6942814
2017-04-12,2650 W. Homer St.,4.1,7,7,2,,TRUE,FALSE,,41.9168455,-87.6942814
2017-05-18,2650 N. Whipple St.,1.9,5.5,4.3,1.8,,TRUE,FALSE,,41.9301185,-87.7040039
2017-08-04,2650 N. Whipple St.,1.9,4.9,3.9,2.2,,TRUE,FALSE,,41.9301185,-87.7040039
2017-03-28,2650 W. Altgeld St.,2.2,2.2,1.3,0.7,,TRUE,FALSE,,41.9268169,-87.694556
2017-07-21,2650 W. Altgeld St.,4.2,4.4,2.4,1.5,,TRUE,FALSE,,41.9268169,-87.694556
2017-06-19,2650 N. Drake Ave. ,5.9,5.9,4.9,4,,TRUE,FALSE,1,41.9297467,-87.716213
2017-04-10,2650 W. Fullerton Ave.,6.8,2.8,3.6,1.6,1.6,TRUE,FALSE,,41.9250925,-87.6945511
2017-07-19,2650 W. Fullerton Ave.,5.1,2.7,3.3,2.1,,TRUE,FALSE,,41.9250925,-87.6945511
2016-09-30,2650 S. Sacramento Ave.,2.2,0.9,0.7,0.5,0.6,TRUE,FALSE,,41.8421353,-87.6997805
2017-02-10,2650 S. Sacramento Ave.,1.3,0,0,0,,TRUE,FALSE,,41.8421353,-87.6997805
2017-06-19,2650 N. Drake Ave. ,4.6,22,16,5.6,,TRUE,TRUE,2,41.9297467,-87.716213
2017-06-19,2750 N. Drake Ave. ,14,10,10,3.1,,TRUE,FALSE,1,41.9314303,-87.7159463
2017-08-15,2750 N. Drake Ave. ,7.5,7.2,7.1,4,,TRUE,FALSE,1,41.9314303,-87.7159463
2017-05-18,2750 N. Whipple St. ,1.5,1.4,2,0.9,,TRUE,FALSE,2,41.9315979,-87.7037354
2017-08-11,2750 N. Whipple St. ,1.4,1.6,1.8,1.4,,TRUE,FALSE,2,41.9315979,-87.7037354
2017-05-19,2750 N. Whipple St. ,2.9,3.7,7.4,1.7,,TRUE,FALSE,3,41.9315979,-87.7037354
2017-08-04,2750 N. Whipple St. ,3.7,4.4,8.2,2.5,,TRUE,FALSE,3,41.9315979,-87.7037354
2017-05-18,2750 N. Whipple St. ,13,14,13,3.1,,TRUE,FALSE,4,41.9315979,-87.7037354
2017-08-04,2750 N. Whipple St. ,13,15,13,4.8,,TRUE,FALSE,4,41.9315979,-87.7037354
2017-05-19,2750 N. Whipple St. ,1,1.4,1.5,2.9,,TRUE,FALSE,5,41.9315979,-87.7037354
2017-08-25,2750 N. Whipple St. ,1,1.4,1.3,3,,TRUE,FALSE,5,41.9315979,-87.7037354
2017-05-19,2750 N. Whipple St. ,0,0,0,0,,TRUE,FALSE,6,41.9315979,-87.7037354
2017-08-03,2750 N. Whipple St. ,0,0,0,0.5,,TRUE,FALSE,6,41.9315979,-87.7037354
2017-06-19,2750 N. Drake Ave. ,2,0.9,0.8,1.5,,TRUE,FALSE,2,41.9314303,-87.7159463
2017-08-11,2750 N. Drake Ave. ,1.6,1.5,1.8,2.2,,TRUE,FALSE,2,41.9314303,-87.7159463
2017-05-30,2750 N. Whipple St.,7.3,9.1,9.5,3.8,,TRUE,FALSE,,41.9315979,-87.7037354
2017-08-08,2750 N. Whipple St.,18,14,8.6,4.8,4.9,TRUE,FALSE,,41.9315979,-87.7037354
2016-09-30,2850 N. Christiana Ave. ,0,0,0,0,,TRUE,FALSE,1,41.9334097,-87.7114135
2017-03-22,2850 N. Christiana Ave. ,0,0,0,0,,TRUE,FALSE,1,41.9334097,-87.7114135
2017-04-12,2850 N. Christiana Ave. ,0,0,0,0,,TRUE,FALSE,1,41.9334097,-87.7114135
2017-05-17,2850 N. Christiana Ave. ,0,0,0,0,0,TRUE,FALSE,1,41.9334097,-87.7114135
2017-06-14,2850 N. Christiana Ave. ,0,0,0,0,0,TRUE,FALSE,1,41.9334097,-87.7114135
2017-07-12,2850 N. Christiana Ave. ,0,0,0,0,,TRUE,FALSE,1,41.9334097,-87.7114135
2017-08-16,2850 N. Christiana Ave. ,0,0,0,0,,TRUE,FALSE,1,41.9334097,-87.7114135
2016-09-30,2850 N. Christiana Ave. ,19,15,13,8.4,,TRUE,FALSE,2,41.9334097,-87.7114135
2017-03-15,2850 N. Christiana Ave. ,12,16,12,4.6,,TRUE,FALSE,2,41.9334097,-87.7114135
2016-10-25,2850 W. 40th St.,3.2,2.6,2.8,2,,FALSE,FALSE,,41.8211685,-87.6965722
2017-02-24,2850 W. 40th St.,34,51,20,1.3,,FALSE,FALSE,,41.8211685,-87.6965722
2016-09-30,2850 N. Christiana Ave. ,5.6,11,11,5.2,,TRUE,FALSE,3,41.9334097,-87.7114135
2017-03-15,2850 N. Christiana Ave. ,5.7,8,8.1,2.7,,TRUE,FALSE,3,41.9334097,-87.7114135
2016-10-19,2950 W. 40th St.,4.5,4.9,4.1,2.7,,TRUE,FALSE,,41.821064,-87.6991132
2017-02-24,2950 W. 40th St.,3.5,2.2,1.9,1.4,,TRUE,FALSE,,41.821064,-87.6991132
2017-07-26,2950 W. Wilson Ave. ,9.3,13,12,3.9,,TRUE,FALSE,,41.9649836,-87.7030784
2017-08-09,3050 W. Wilson Ave. ,1.7,3.8,6.1,1.8,,TRUE,FALSE,,41.9650246,-87.7055352
2016-10-06,3050 W. Diversey Ave. ,7.8,8.3,12,5.3,,TRUE,FALSE,1,41.932294,-87.704675
2017-03-15,3050 W. Diversey Ave. ,5.5,7,8,3,,TRUE,FALSE,1,41.932294,-87.704675
2016-10-06,3050 W. Diversey Ave. ,0,0,0,0,0,TRUE,FALSE,2,41.932294,-87.704675
2017-03-14,3050 W. Diversey Ave. ,0,0,0,0,,TRUE,FALSE,2,41.932294,-87.704675
2017-04-12,3050 W. Diversey Ave. ,0,0,0,0,0,TRUE,FALSE,2,41.932294,-87.704675
2017-05-18,3050 W. Diversey Ave. ,0,0,0,0,,TRUE,FALSE,2,41.932294,-87.704675
2017-03-21,3050 S. Homan Ave.,0.5,0.5,1.3,0,,TRUE,FALSE,,41.8374625,-87.7099685
2017-06-22,3050 S. Homan Ave.,0.7,0.7,1.7,0.5,,TRUE,FALSE,,41.8374625,-87.7099685
2017-04-05,3150 N. Rutherford Ave.,2.4,3.9,3.8,1.3,,TRUE,FALSE,,41.9376731,-87.794448
2017-06-29,3150 N. Ridgeway Ave. ,3.8,6.1,6,3.9,,TRUE,FALSE,1,41.9385831,-87.7208981
2017-08-18,3150 N. Ridgeway Ave. ,5.5,13,11,5.4,,TRUE,FALSE,1,41.9385831,-87.7208981
2017-06-21,3150 N. Ridgeway Ave. ,7.9,6.2,3.4,5.6,5.3,TRUE,FALSE,2,41.9385831,-87.7208981
2017-08-18,3150 N. Ridgeway Ave. ,6.8,8.8,6.1,9.5,,TRUE,FALSE,2,41.9385831,-87.7208981
2016-09-07,3250 W Thomas St.,10,25,73,9.8,,TRUE,FALSE,,41.9011919,-87.7086593
2017-04-10,3250 N. Nagle Ave. ,4.9,6.6,6.7,3.4,,TRUE,FALSE,1,41.9397573,-87.7875831
2017-06-27,3250 N. Nagle Ave. ,3.7,6.6,8.1,6,,TRUE,FALSE,1,41.9397573,-87.7875831
2017-08-24,3250 N. Nagle Ave. ,4.6,7.1,8.2,6,,TRUE,FALSE,1,41.9397573,-87.7875831
2017-04-07,3250 N. Nagle Ave. ,0.5,0.6,0.6,0.5,,TRUE,FALSE,2,41.9397573,-87.7875831
2017-06-28,3250 N. Nagle Ave. ,2,2.4,2.2,1.3,1.3,TRUE,FALSE,2,41.9397573,-87.7875831
2016-09-30,3250 W. Diversey Ave.,4.5,6.2,4.5,2,,TRUE,FALSE,,41.932282,-87.70956
2017-03-14,3250 W. Diversey Ave.,1.4,1.8,2.4,1.6,,TRUE,FALSE,,41.932282,-87.70956
2017-04-13,3250 W. Diversey Ave.,1.4,1.7,2.2,1.4,,TRUE,FALSE,,41.932282,-87.70956
2017-05-17,3250 W. Diversey Ave.,3.1,6.1,3.3,1.2,,TRUE,FALSE,,41.932282,-87.70956
2017-06-14,3250 W. Diversey Ave.,1.7,4.6,7.1,1.6,,TRUE,FALSE,,41.932282,-87.70956
2017-07-12,3250 W. Diversey Ave.,2.1,2,2.1,1.7,,TRUE,FALSE,,41.932282,-87.70956
2017-08-16,3250 W. Diversey Ave.,2.9,6.9,5.9,2.1,,TRUE,FALSE,,41.932282,-87.70956
2017-04-06,3250 N. Nagle Ave. ,2.9,6.1,7.3,2.2,,TRUE,FALSE,3,41.9397573,-87.7875831
2017-06-27,3250 N. Nagle Ave. ,4.5,5.6,11,7.6,,TRUE,FALSE,3,41.9397573,-87.7875831
2017-07-27,3250 N. Nagle Ave. ,7.2,5,7.1,5.1,,TRUE,FALSE,3,41.9397573,-87.7875831
2017-03-23,3350 N. Neva Ave.,1.7,3,3,0.6,,TRUE,FALSE,,41.941317,-87.8059323
2017-04-10,3350 N. Neva Ave.,2.7,3.5,2.6,1,,TRUE,FALSE,,41.941317,-87.8059323
2017-08-02,3350 W. 59th St.,1.2,1.2,1.4,0.9,,TRUE,FALSE,,41.786196,-87.7073662
2017-08-10,3350 W. 59th St.,0.7,0.6,0.8,0.4,,TRUE,FALSE,,41.786196,-87.7073662
2017-08-15,3350 W. 55th St.,0,0,0,0,,TRUE,FALSE,,41.7934507,-87.7079895
2017-04-06,3350 N. Nagle Ave.,2,2.2,2.2,1,,TRUE,FALSE,,41.9415498,-87.7876504
2017-07-06,3450 S. Marshfield Ave. ,5.8,9.6,8.1,2.8,2.6,TRUE,FALSE,1,41.8307776,-87.6669493
2016-10-25,3450 W. 12th Pl. ,0,0,0,0,,TRUE,FALSE,1,41.8654457,-87.7124702
2017-06-22,3450 S. Marshfield Ave. ,9,21,20,8.2,,TRUE,FALSE,2,41.8307776,-87.6669493
2017-06-02,3450 N. Kostner Ave. ,1.6,1.9,2.1,0.9,,TRUE,FALSE,1,41.9441183,-87.7374608
2017-06-02,3450 N. Kostner Ave. ,4.2,4.4,4,2.1,,TRUE,FALSE,2,41.9441183,-87.7374608
2016-10-25,3450 W. 12th Pl. ,0,0,0,0,,TRUE,FALSE,2,41.8654457,-87.7124702
2017-05-19,3450 W. 12th Pl. ,0,0,0,0,,TRUE,FALSE,2,41.8654457,-87.7124702
2017-06-29,3450 W. 12th Pl. ,0,0,0,0,,TRUE,FALSE,2,41.8654457,-87.7124702
2017-08-10,3450 W. 12th Pl. ,0,0,0,0,,TRUE,FALSE,2,41.8654457,-87.7124702
2017-06-28,3450 S. Marshfield Ave. ,7.7,6.4,5.4,3.2,,TRUE,FALSE,3,41.8307776,-87.6669493
2017-06-02,3450 N. Kostner Ave. ,3.3,5.8,8.5,1.7,,TRUE,FALSE,3,41.9441183,-87.7374608
2017-06-02,3450 N. Kostner Ave. ,10,2,9.9,0.9,0.9,TRUE,FALSE,4,41.9441183,-87.7374608
2017-04-10,3550 N. Nagle Ave. ,1.8,4.3,3.2,0.9,,TRUE,FALSE,1,41.94534,-87.787903
2016-10-31,3550 W. 12th Pl.,0,0,0,0,,TRUE,FALSE,,41.865402,-87.714772
2017-05-25,3550 W. 12th Pl.,0,0,0,0,,TRUE,FALSE,,41.865402,-87.714772
2017-04-07,3550 N. Nagle Ave. ,0,0,0.3,0,,TRUE,FALSE,2,41.94534,-87.787903
2017-06-27,3550 N. Nagle Ave. ,0,0,0,0,0,TRUE,FALSE,2,41.94534,-87.787903
2017-07-27,3550 N. Nagle Ave. ,0,0,0,0,,TRUE,FALSE,2,41.94534,-87.787903
2017-08-24,3550 N. Nagle Ave. ,0,0,0,0,,TRUE,FALSE,2,41.94534,-87.787903
2016-11-30,3550 S. Paulina St.,0.8,0,0,0,,TRUE,FALSE,,41.8289789,-87.668257
2017-03-23,3550 S. Paulina St.,0.5,0,0,0,,TRUE,FALSE,,41.8289789,-87.668257
2016-10-26,3650 W. 57th Pl. ,2.8,4.9,7.5,2.1,,TRUE,FALSE,1,41.7890129,-87.7154547
2017-03-21,3650 W. 57th Pl. ,14,1.8,2.3,0.9,,TRUE,FALSE,1,41.7890129,-87.7154547
2016-10-26,3650 W. 57th Pl. ,2.1,3.5,2.9,1.9,,TRUE,FALSE,2,41.7890129,-87.7154547
2017-03-17,3650 W. 57th Pl. ,2.3,3.2,3.4,1.3,,TRUE,FALSE,2,41.7890129,-87.7154547
2017-04-13,3650 W. 57th Pl. ,2.7,3.5,3.6,1.4,,TRUE,FALSE,2,41.7890129,-87.7154547
2017-05-18,3650 W. 57th Pl. ,3.2,7.8,6.7,2,,TRUE,FALSE,2,41.7890129,-87.7154547
2017-06-22,3650 W. 57th Pl. ,4,5.6,9,2.9,,TRUE,FALSE,2,41.7890129,-87.7154547
2017-07-20,3650 W. 57th Pl. ,3.3,4.9,7.3,2.8,,TRUE,FALSE,2,41.7890129,-87.7154547
2017-08-17,3650 W. 57th Pl. ,5.4,9,8.7,3.6,,TRUE,FALSE,2,41.7890129,-87.7154547
2016-11-22,3650 S. Paulina St. ,2.9,0.8,0.7,0.6,,TRUE,FALSE,1,41.8272634,-87.668198
2017-03-10,3650 S. Paulina St. ,1.1,0.5,0.5,0.4,,TRUE,FALSE,1,41.8272634,-87.668198
2017-04-13,3650 S. Paulina St. ,3.3,0.7,0.7,0.5,,TRUE,FALSE,1,41.8272634,-87.668198
2016-10-26,3650 W. 57th Pl. ,0,0,0.3,0.3,,TRUE,FALSE,3,41.7890129,-87.7154547
2016-11-22,3650 S. Paulina St. ,2.7,4.4,4.5,2.3,,TRUE,FALSE,2,41.8272634,-87.668198
2017-03-10,3650 S. Paulina St. ,4.6,10,6.6,1.8,,TRUE,FALSE,2,41.8272634,-87.668198
2017-04-13,3650 S. Paulina St. ,9.1,8.9,4.7,2.1,,TRUE,FALSE,2,41.8272634,-87.668198
2017-05-23,3650 S. Paulina St. ,270,12,7.9,2.9,,TRUE,FALSE,2,41.8272634,-87.668198
2017-06-15,3650 S. Paulina St. ,4.1,4.7,4.8,3.1,3.2,TRUE,FALSE,2,41.8272634,-87.668198
2017-07-13,3650 S. Paulina St. ,3.8,6.2,7.4,3,,TRUE,FALSE,2,41.8272634,-87.668198
2017-08-17,3650 S. Paulina St. ,4,4.6,4.4,3.5,,TRUE,FALSE,2,41.8272634,-87.668198
2017-05-11,3650 N. Drake Ave.,2.4,1.8,1.7,2,,TRUE,FALSE,,41.9474527,-87.7164086
2017-08-24,3650 N. Drake Ave.,2,4,4.2,2.4,,TRUE,FALSE,,41.9474527,-87.7164086
2016-11-22,3650 S. Paulina St. ,2.2,3.1,2.1,1.8,,TRUE,FALSE,3,41.8272634,-87.668198
2017-03-10,3650 S. Paulina St. ,3.3,3.4,2.3,1.8,,TRUE,FALSE,3,41.8272634,-87.668198
2017-05-09,3650 N. Whipple St.,1.2,2.1,2.4,1.1,,TRUE,FALSE,,41.9481711,-87.7044951
2017-05-04,3750 N. Whipple St. ,2.1,1.9,1.5,1,,TRUE,FALSE,1,41.949962,-87.7045123
2017-05-11,3750 N. Drake Ave. ,0.7,2.1,2.2,0.6,,TRUE,FALSE,1,41.9492599,-87.7164515
2017-08-24,3750 N. Drake Ave. ,1.2,2,2.2,1.2,,TRUE,FALSE,1,41.9492599,-87.7164515
2017-04-25,3750 S. Michigan Ave.,3.5,5.3,4.8,1.5,,TRUE,FALSE,,41.825837,-87.62366
2016-10-26,3750 W. 57th Pl. ,0.8,0.4,0.5,0.4,,TRUE,FALSE,1,41.7889762,-87.7176657
2017-03-17,3750 W. 57th Pl. ,0.7,1.1,0.5,0.5,,TRUE,FALSE,1,41.7889762,-87.7176657
2017-05-11,3750 N. Drake Ave. ,2.1,3.8,3.3,1.7,,TRUE,FALSE,2,41.9492599,-87.7164515
2017-08-24,3750 N. Drake Ave. ,4.4,6,4.9,4.4,,TRUE,FALSE,2,41.9492599,-87.7164515
2017-05-11,3750 N. Drake Ave. ,2.2,4,2.5,1.2,,TRUE,FALSE,3,41.9492599,-87.7164515
2017-08-24,3750 N. Drake Ave. ,2.9,6.3,4.3,2.5,,TRUE,FALSE,3,41.9492599,-87.7164515
2016-10-25,3750 W. Ferdinand St.,5.9,5.5,4.8,3.3,,TRUE,FALSE,,41.8899112,-87.720168
2017-07-11,3750 W. Ferdinand St.,6.1,5.2,4.4,3.1,,TRUE,FALSE,,41.8899112,-87.720168
2017-08-23,3750 W. Ferdinand St.,4.3,4.4,4.1,3.6,3.6,TRUE,FALSE,,41.8899112,-87.720168
2017-05-10,3750 N. Drake Ave. ,0.9,1.1,1.2,0.7,0.7,TRUE,FALSE,4,41.9492599,-87.7164515
2017-08-24,3750 N. Drake Ave. ,1.6,2.3,2.4,2,,TRUE,FALSE,4,41.9492599,-87.7164515
2017-05-05,3750 N. Whipple St. ,3.7,20,13,2.2,,TRUE,FALSE,1,41.949962,-87.7045123
2016-10-26,3750 W. 57th Pl. ,0.5,0.5,0.7,0.7,,TRUE,FALSE,2,41.7889762,-87.7176657
2017-03-17,3750 W. 57th Pl. ,0.5,0.5,0.7,0.4,,TRUE,FALSE,2,41.7889762,-87.7176657
2017-05-09,3750 N. Whipple St. ,2.2,2,2,1.4,1.2,TRUE,FALSE,2,41.949962,-87.7045123
2017-06-13,3750 W. Eddy St.,1.3,2.3,2,0.8,,TRUE,FALSE,,41.9457307,-87.7220141
2017-07-13,3750 W. Eddy St.,1.4,3.1,2.2,0.9,,TRUE,FALSE,,41.9457307,-87.7220141
2017-05-05,3750 N. Whipple St. ,1.1,1.9,1.5,0.3,,TRUE,FALSE,3,41.949962,-87.7045123
2017-05-05,3750 N. Whipple St. ,2.7,3.9,4.7,1.6,,TRUE,FALSE,4,41.949962,-87.7045123
2017-05-04,3750 N. Whipple St. ,5.8,7,6.9,2.6,,TRUE,FALSE,5,41.949962,-87.7045123
2017-04-04,3850 N. Kenneth Ave.,1.9,2.7,1.9,0.9,,TRUE,FALSE,,41.9513674,-87.7397919
2017-04-25,3850 N. Kenneth Ave.,2.3,3,3.3,1.1,,TRUE,FALSE,,41.9513674,-87.7397919
2017-05-04,3850 N. Whipple St. ,0.8,1.2,1.4,0.5,,TRUE,FALSE,1,41.9518122,-87.7045797
2017-05-09,3850 N. Whipple St. ,4.5,0.9,0.7,0.4,,TRUE,FALSE,2,41.9518122,-87.7045797
2017-05-09,3850 N. Whipple St. ,13,26,23,5.6,,TRUE,FALSE,3,41.9518122,-87.7045797
2017-05-10,3850 N. Drake Ave.,0,0,0,0,,TRUE,FALSE,,41.951616,-87.7167708
2017-08-23,3850 N. Drake Ave.,0,0,0,0.3,,TRUE,FALSE,,41.951616,-87.7167708
2017-05-30,3850 N. Kedvale Ave.,5.4,4.7,8.8,2.2,,TRUE,FALSE,,41.9514555,-87.731119
2017-05-04,3950 N. Whipple St. ,12,33,25,5.1,,TRUE,FALSE,1,41.953414,-87.7043323
2017-05-05,3950 N. Whipple St. ,5.1,12,6.6,7.9,,TRUE,FALSE,2,41.953414,-87.7043323
2017-05-05,3950 N. Whipple St. ,4.2,7.1,6.5,1.9,,TRUE,FALSE,3,41.953414,-87.7043323
2016-11-02,3950 W. 57th Pl.,1.6,3.3,3.3,1.6,,TRUE,FALSE,,41.7889054,-87.7224425
2017-03-17,3950 W. 57th Pl.,1.8,3,2.9,1.3,,TRUE,FALSE,,41.7889054,-87.7224425
2017-07-07,4050 W. Carroll Ave. ,1.5,2.4,1.9,1.2,,TRUE,FALSE,1,41.8869929,-87.727824
2017-07-06,4050 W. Carroll Ave. ,6.7,9,8.8,4.7,,TRUE,FALSE,2,41.8869929,-87.727824
2017-06-02,4150 N. Troy St.,1.2,2.5,2.5,1.7,,TRUE,FALSE,,41.9572471,-87.7071969
2017-06-13,4150 N. Troy St.,2,5.3,3.6,2,,TRUE,FALSE,,41.9572471,-87.7071969
2016-09-29,450 W. 103rd St.,0,0,0,0,,TRUE,FALSE,,41.7072839,-87.6348919
2017-01-10,450 W. 103rd St.,0,0,0,0,,TRUE,FALSE,,41.7072839,-87.6348919
2016-09-29,450 W. 101st Pl. ,1.3,2.5,2.3,1.1,,TRUE,FALSE,1,41.7100208,-87.6354337
2017-01-10,450 W. 101st Pl. ,0.9,1.7,6.4,0.5,,TRUE,FALSE,1,41.7100208,-87.6354337
2017-02-08,450 W. 101st Pl. ,1,2.3,1.8,0.6,,TRUE,FALSE,1,41.7100208,-87.6354337
2017-03-10,450 W. 101st Pl. ,0.8,2.4,1.8,0.6,,TRUE,FALSE,1,41.7100208,-87.6354337
2017-04-04,450 W. 101st Pl. ,1,1.9,1.8,0.6,,TRUE,FALSE,1,41.7100208,-87.6354337
2017-05-09,450 W. 101st Pl. ,1,3.6,2.5,1.1,,TRUE,FALSE,1,41.7100208,-87.6354337
2017-06-06,450 W. 101st Pl. ,1.2,3.6,2.5,1.1,,TRUE,FALSE,1,41.7100208,-87.6354337
2017-06-21,4250 S. Indiana Ave.,0.9,1.3,1.7,1.5,,TRUE,FALSE,,41.816794,-87.621836
2016-09-29,450 W. 101st Pl. ,3.5,5.8,7.2,3.1,,TRUE,FALSE,2,41.7100208,-87.6354337
2017-01-10,450 W. 101st Pl. ,5.3,6.9,6.2,6.8,,TRUE,FALSE,2,41.7100208,-87.6354337
2017-02-22,4250 W. Hirsch St.,1.1,0.6,0.7,0.5,,TRUE,FALSE,,41.9063399,-87.7333148
2017-03-01,4250 W. Hirsch St.,1.9,0.7,0.7,0.6,,TRUE,FALSE,,41.9063399,-87.7333148
2016-09-29,450 W. 101st Pl. ,4.9,7.9,9.4,6,,TRUE,FALSE,3,41.7100208,-87.6354337
2017-01-11,450 W. 101st Pl. ,6.2,8.4,7.6,2.8,,TRUE,FALSE,3,41.7100208,-87.6354337
2016-09-29,450 W. 101st Pl. ,1.6,2.4,2.4,1.7,,TRUE,FALSE,4,41.7100208,-87.6354337
2017-01-11,450 W. 101st Pl. ,2.6,2.3,4.2,1.6,,TRUE,FALSE,4,41.7100208,-87.6354337
2016-09-28,450 W. 101st Pl. ,4.8,2.6,2.8,2.8,,TRUE,FALSE,5,41.7100208,-87.6354337
2017-04-26,4350 N. Campbell Ave.,2.4,5.1,5.7,2,,TRUE,FALSE,,41.9610006,-87.6919548
2017-05-10,4350 N. Campbell Ave.,6.3,5.6,5.9,2,,TRUE,FALSE,,41.9610006,-87.6919548
2016-09-28,450 W. 102nd St.,3.3,4.2,3.6,2.9,,TRUE,FALSE,,41.7090723,-87.6354143
2017-01-19,450 W. 102nd St.,2.6,3,3.1,0.9,0.9,TRUE,FALSE,,41.7090723,-87.6354143
2017-08-08,450 W. 80th St.,1.9,2,2.2,1.4,,TRUE,FALSE,,41.7491078,-87.6362402
2016-09-28,450 W. 101st Pl. ,1.8,1.5,1.9,1.1,,TRUE,FALSE,6,41.7100208,-87.6354337
2017-01-10,450 W. 101st Pl. ,1.4,0.8,0.6,0.5,,TRUE,FALSE,6,41.7100208,-87.6354337
2016-09-28,450 W. 101st Pl. ,0.9,2.1,2.2,1,,TRUE,FALSE,7,41.7100208,-87.6354337
2017-01-10,450 W. 101st Pl. ,1,1.9,5.3,0.6,,TRUE,FALSE,7,41.7100208,-87.6354337
2016-10-27,4450 N. Hamilton Ave.,1.7,1.9,1.8,1.1,,TRUE,FALSE,,41.9625768,-87.6822425
2017-01-18,4450 N. Hamilton Ave.,1,2.2,3.2,1.2,,TRUE,FALSE,,41.9625768,-87.6822425
2017-08-09,4450 N. Sacramento Ave. ,4.5,6.7,6.3,4.3,,TRUE,FALSE,1,41.9627113,-87.7036558
2016-09-20,4450 N. Albany Ave. ,8.7,13,13,2.7,,TRUE,FALSE,1,41.9627217,-87.7061194
2017-01-04,4450 N. Albany Ave. ,6.2,2.7,2.9,1.1,,TRUE,FALSE,1,41.9627217,-87.7061194
2017-06-29,4450 S. Indiana Ave. ,1.7,2.2,2.4,2.3,,TRUE,FALSE,1,41.813284,-87.621673
2017-07-25,4450 N. Sacramento Ave. ,4.2,3.9,3.6,3.5,,TRUE,FALSE,2,41.9627113,-87.7036558
2017-06-21,4450 S. Indiana Ave. ,4.1,5,5.5,3.5,,TRUE,FALSE,2,41.813284,-87.621673
2017-08-09,4450 N. Sacramento Ave. ,8.6,7.5,9.2,6.1,,TRUE,FALSE,3,41.9627113,-87.7036558
2016-09-20,4450 N. Albany Ave. ,1.9,2,2.1,1.2,,TRUE,FALSE,2,41.9627217,-87.7061194
2017-07-25,4450 N. Whipple St. ,12,7.9,4,6,,TRUE,FALSE,1,41.962726,-87.7049319
2017-08-17,4450 N. Sacramento Ave. ,2.4,3.3,5.1,2.3,2.3,TRUE,FALSE,4,41.9627113,-87.7036558
2016-09-30,4450 N. Albany Ave. ,0.5,0.6,0.6,0.4,,TRUE,FALSE,3,41.9627217,-87.7061194
2017-01-04,4450 N. Albany Ave. ,1.2,1.1,1.5,0.5,0.5,TRUE,FALSE,3,41.9627217,-87.7061194
2017-07-25,4450 N. Whipple St. ,6.9,10,8.6,3,,TRUE,FALSE,2,41.962726,-87.7049319
2017-08-09,4450 N. Sacramento Ave. ,1.4,2,2,2.3,,TRUE,FALSE,5,41.9627113,-87.7036558
2016-09-07,4450 W. Grenshaw St.,8.2,6.5,3.5,2.3,2.3,TRUE,FALSE,,41.8671621,-87.7370271
2016-11-02,4450 W. Grenshaw St.,8.7,7.1,2.4,1.4,,TRUE,FALSE,,41.8671621,-87.7370271
2017-07-25,4550 N. Sacramento Ave. ,0.8,0.8,0.8,0.7,,TRUE,FALSE,1,41.9644975,-87.7036649
2016-09-20,4550 N. Albany Ave. ,4.1,11,12,2.5,,TRUE,FALSE,1,41.9644843,-87.7061147
2017-01-04,4550 N. Albany Ave. ,2.3,3.1,3.2,1.9,,TRUE,FALSE,1,41.9644843,-87.7061147
2016-09-20,4550 N. Albany Ave. ,12,20,18,5.1,,TRUE,FALSE,2,41.9644843,-87.7061147
2017-03-01,4550 N. Albany Ave. ,13,23,14,3.1,,TRUE,FALSE,2,41.9644843,-87.7061147
2017-04-19,4550 N. Albany Ave. ,34,43,29,4.4,,TRUE,FALSE,2,41.9644843,-87.7061147
2017-05-17,4550 N. Albany Ave. ,15,35,20,5.3,,TRUE,FALSE,2,41.9644843,-87.7061147
2017-06-14,4550 N. Albany Ave. ,14,25,18,5,,TRUE,FALSE,2,41.9644843,-87.7061147
2017-07-12,4550 N. Albany Ave. ,16,28,20,,,TRUE,FALSE,2,41.9644843,-87.7061147
2017-08-18,4550 N. Albany Ave. ,35,30,25,7.3,,TRUE,FALSE,2,41.9644843,-87.7061147
2017-07-26,4550 N. Sacramento Ave. ,2.5,7.1,7.4,2.3,2.2,TRUE,FALSE,2,41.9644975,-87.7036649
2017-08-09,4550 N. Whipple St. ,1,1.1,1,0.5,,TRUE,FALSE,1,41.964403,-87.7049119
2017-07-25,4550 N. Whipple St. ,2.9,2.3,1.9,1.2,,TRUE,FALSE,2,41.964403,-87.7049119
2017-08-22,4550 N. Sacramento Ave. ,2.9,4,3.6,2.7,,TRUE,FALSE,3,41.9644975,-87.7036649
2017-08-04,4550 N. Sacramento Ave. ,1.7,3.6,6.4,1.8,,TRUE,FALSE,4,41.9644975,-87.7036649
2017-07-26,4550 N. Whipple St. ,0,0,0,0,,TRUE,FALSE,3,41.964403,-87.7049119
2016-09-21,4550 N. Albany Ave. ,1.7,2.5,2.7,,,TRUE,FALSE,3,41.9644843,-87.7061147
2017-01-11,4550 N. Albany Ave. ,1.6,3.4,3.1,2.8,,TRUE,FALSE,3,41.9644843,-87.7061147
2017-08-17,4550 N. Sacramento Ave. ,8.3,7.4,7,3,,TRUE,FALSE,5,41.9644975,-87.7036649
2017-07-26,4550 N. Sacramento Ave. ,2.6,3.5,3.8,3.6,,TRUE,FALSE,6,41.9644975,-87.7036649
2017-07-28,4750 N. Sacramento Ave. ,1.7,2.1,2,1.4,,TRUE,FALSE,1,41.9680029,-87.7036024
2017-07-25,4750 N. Sacramento Ave. ,5.6,8.2,8,3.5,,TRUE,FALSE,2,41.9680029,-87.7036024
2017-04-05,4850 W. Eddy St.,1.2,1.3,1.3,0.5,,TRUE,FALSE,,41.9454584,-87.7491339
2017-04-18,4850 W. Eddy St.,2,0.8,1,0.7,,TRUE,FALSE,,41.9454584,-87.7491339
2017-05-01,4950 W. Cortez St.,9,3,2.7,2.4,2.4,TRUE,FALSE,,41.8997619,-87.7504028
2017-05-03,4950 W. Superior St.,2.7,2.5,2.8,1.5,,TRUE,FALSE,,41.8941785,-87.7502874
2017-04-24,4950 W. Walton St.,0.4,0.5,0.6,0.3,0.3,TRUE,FALSE,,41.8979036,-87.7502847
2017-04-25,5050 N. Neenah Ave.,2.8,3.7,5.1,0.8,,TRUE,FALSE,,41.9734689,-87.7905705
2017-05-10,5050 N. Neenah Ave.,3.8,5,6.3,1.1,,TRUE,FALSE,,41.9734689,-87.7905705
2016-08-29,5250 W. Congress Pkwy. ,2.5,1.7,1.7,1.8,,TRUE,FALSE,1,41.8741134,-87.7568821
2016-08-31,5250 W. Congress Pkwy. ,5.5,5.3,5.1,3.9,,TRUE,FALSE,2,41.8741134,-87.7568821
2016-12-01,5250 W. Congress Pkwy. ,6.1,7.4,6.4,3.7,,TRUE,FALSE,2,41.8741134,-87.7568821
2016-08-30,5250 W. Congress Pkwy. ,2.7,1.2,1.1,0.8,0.8,TRUE,FALSE,3,41.8741134,-87.7568821
2016-08-30,5250 W. Congress Pkwy. ,2.9,3.1,3.7,5.5,,TRUE,FALSE,4,41.8741134,-87.7568821
2017-03-16,5350 N. Bernard St.,3.8,3.3,3,2.6,2.6,FALSE,FALSE,,41.9790414,-87.7151642
2017-04-07,5350 N. Bernard St.,7.3,20,,16,,FALSE,FALSE,,41.9790414,-87.7151642
2016-08-29,5350 W. Congress Pkwy. ,4.3,6.4,6,3.9,,TRUE,FALSE,1,41.8740819,-87.7594773
2016-12-01,5350 W. Congress Pkwy. ,7.9,4,5,3.2,,TRUE,FALSE,1,41.8740819,-87.7594773
2016-08-31,5350 W. Congress Pkwy. ,3.8,9.9,8,3.4,,TRUE,FALSE,2,41.8740819,-87.7594773
2016-12-14,5350 W. Congress Pkwy. ,3,4.2,3,1.8,,TRUE,FALSE,2,41.8740819,-87.7594773
2016-08-30,5350 W. Congress Pkwy. ,2.1,2.2,2.6,1.9,,TRUE,FALSE,3,41.8740819,-87.7594773
2016-12-01,5350 W. Congress Pkwy. ,2.5,2.6,2.6,1.9,,TRUE,FALSE,3,41.8740819,-87.7594773
2016-08-30,5350 W. Congress Pkwy. ,2.4,1.2,1.2,1,,TRUE,FALSE,4,41.8740819,-87.7594773
2016-12-02,5350 W. Congress Pkwy. ,4.1,3.4,3.4,,,TRUE,FALSE,4,41.8740819,-87.7594773
2016-08-31,5450 W. Congress Pkwy. ,3.1,4.6,4.3,2.3,,TRUE,FALSE,1,41.874069,-87.761425
2016-12-02,5450 W. Congress Pkwy. ,2.9,3.9,3.6,2.7,,TRUE,FALSE,1,41.874069,-87.761425
2016-08-30,5450 W. Congress Pkwy. ,3.6,4.3,3.9,2.1,,TRUE,FALSE,2,41.874069,-87.761425
2016-12-02,5450 W. Congress Pkwy. ,4.4,4.7,6,2.1,,TRUE,FALSE,2,41.874069,-87.761425
2017-06-16,5450 S. Seeley Ave.,0,0.3,0,0,,TRUE,FALSE,,41.7943465,-87.6758036
2016-08-29,5450 W. Congress Pkwy. ,0.5,0.5,0.5,0.3,,TRUE,FALSE,3,41.874069,-87.761425
2016-12-01,5450 W. Congress Pkwy. ,1.2,0.8,0.6,0.4,,TRUE,FALSE,3,41.874069,-87.761425
2017-02-01,5450 W. Congress Pkwy. ,0.9,0.9,0.4,0.3,0.4,TRUE,FALSE,3,41.874069,-87.761425
2017-03-01,5450 W. Congress Pkwy. ,0.9,0.7,0.4,0.4,,TRUE,FALSE,3,41.874069,-87.761425
2017-04-05,5450 W. Congress Pkwy. ,0.8,0.7,0.5,0.4,0.4,TRUE,FALSE,3,41.874069,-87.761425
2017-05-03,5450 W. Congress Pkwy. ,0.8,0.8,0.5,0.4,,TRUE,FALSE,3,41.874069,-87.761425
2017-06-07,5450 W. Congress Pkwy. ,0.8,0.8,0.6,0.5,,TRUE,FALSE,3,41.874069,-87.761425
2017-06-08,5450 S. Hoyne Ave.,3.6,5.5,6.6,2,,TRUE,FALSE,,41.7944857,-87.67692
2016-08-30,5450 W. Congress Pkwy. ,0.7,2.2,2.6,0.6,,TRUE,FALSE,4,41.874069,-87.761425
2016-12-06,5450 W. Congress Pkwy. ,1,1.2,1.2,0.7,,TRUE,FALSE,4,41.874069,-87.761425
2016-08-31,5450 W. Congress Pkwy. ,1.9,0.4,0.4,0.4,,TRUE,FALSE,5,41.874069,-87.761425
2017-06-07,5450 S. Seeley Ave.,1.8,1.6,1.6,0.9,,TRUE,FALSE,,41.7943465,-87.6758036
2017-08-01,5650 S. Christiana Ave. ,1,1.3,1,0.8,,TRUE,FALSE,1,41.7901323,-87.7074281
2017-08-01,5650 S. Christiana Ave. ,5,3.9,4.1,3.5,,TRUE,FALSE,2,41.7901323,-87.7074281
2017-08-02,5650 S. Christiana Ave. ,5.3,1.5,1.5,2.7,,TRUE,FALSE,3,41.7901323,-87.7074281
2017-08-02,5650 S. Christiana Ave. ,3.1,4,7.9,5.2,,TRUE,FALSE,4,41.7901323,-87.7074281
2017-08-01,5750 S. Christiana Ave. ,0.8,0.5,0.6,0.7,,TRUE,FALSE,1,41.7883446,-87.7074174
2017-08-01,5750 S. Christiana Ave. ,4.8,5,7,2.6,2.5,TRUE,FALSE,2,41.7883446,-87.7074174
2017-08-25,5750 S. Oak Park Ave.,2.3,1.7,1.8,1.6,,TRUE,FALSE,,41.7869998,-87.7916462
2017-04-19,5750 W. Midway Park ,1.5,1.9,3.6,2.4,,TRUE,FALSE,1,41.8893237,-87.7697415
2017-04-26,5750 W. Race Ave.,6.6,15,17,6.9,,TRUE,FALSE,,41.8903436,-87.7697253
2017-04-19,5750 W. Midway Park ,1.8,2.5,2.5,1,,TRUE,FALSE,2,41.8893237,-87.7697415
2017-08-01,5850 S. Christiana Ave.,3.8,3.3,7.8,3,,TRUE,FALSE,,41.7870826,-87.7070284
2017-08-22,5850 S. Rutherford Ave.,2.8,12,12,2.2,,TRUE,FALSE,,41.7852285,-87.7904168
2017-06-05,5950 S. Campbell Ave.,0.8,0.6,1,0.6,,TRUE,FALSE,,41.7850967,-87.6865395
2017-06-12,6050 S. Campbell Ave. ,1,0.9,0.7,0.5,,TRUE,FALSE,1,41.783189,-87.6864934
2017-01-17,6050 S. Moody Ave.,0.8,0.6,0.7,0,0,TRUE,FALSE,,41.781797,-87.7756283
2017-02-09,6050 S. Moody Ave.,1.2,1,1.2,0.3,,TRUE,FALSE,,41.781797,-87.7756283
2017-06-06,6050 S. Campbell Ave. ,1.8,1.4,1.6,0.7,,TRUE,FALSE,2,41.783189,-87.6864934
2017-04-13,6050 N. Leader Ave.,5.3,8.2,12,2.2,,TRUE,FALSE,,41.9913252,-87.7546728
2017-06-02,6050 N. Leader Ave.,7.2,7.5,8,2.5,,TRUE,FALSE,,41.9913252,-87.7546728
2017-06-05,6050 S. Campbell Ave. ,2.3,3.1,3.2,1.8,1.9,TRUE,FALSE,3,41.783189,-87.6864934
2017-02-13,6050 S. Kolin Ave.,0.7,0.6,0.5,0.4,,TRUE,FALSE,,41.7825335,-87.7316858
2017-03-08,6050 S. Kolin Ave.,0.5,0,0,0,,TRUE,FALSE,,41.7825335,-87.7316858
2017-06-05,6050 S. Campbell Ave. ,0.5,0.6,0.4,0,,TRUE,FALSE,4,41.783189,-87.6864934
2017-06-05,6050 S. Campbell Ave. ,1.4,2,2.7,1.6,,TRUE,FALSE,5,41.783189,-87.6864934
2017-06-05,6050 S. Campbell Ave. ,3.1,3.9,3.3,2.1,,TRUE,FALSE,6,41.783189,-87.6864934
2017-06-12,6150S. Campbell Ave.,2.3,1.4,1.9,1,,TRUE,FALSE,,41.7813668,-87.6864279
2017-02-02,6150 S. Moody Ave.,1.2,2.5,2.7,1.5,,TRUE,FALSE,,41.7799566,-87.7755393
2017-02-23,6150 S. Moody Ave.,1.7,4.4,11,1.5,,TRUE,FALSE,,41.7799566,-87.7755393
2017-06-05,6250 S. Campbell Ave.,0.6,0,0,0,,TRUE,FALSE,,41.7795971,-87.6862274
2017-05-04,6250 N. Kirkwood Ave.,3,4.8,4.9,2.6,,TRUE,FALSE,,41.9951912,-87.740215
2017-05-31,6250 N. Kirkwood Ave.,4,5.6,4.8,3.2,,TRUE,FALSE,,41.9951912,-87.740215
2017-04-04,6350 S Kilpatrick Ave. ,1.3,1.5,1.5,0.8,,TRUE,FALSE,1,41.7769506,-87.7400956
2017-06-28,6350 S Kilpatrick Ave. ,3.7,2,1.8,1.5,,TRUE,FALSE,1,41.7769506,-87.7400956
2017-08-03,6350 S Kilpatrick Ave. ,1.1,1.7,1.4,1.6,,TRUE,FALSE,1,41.7769506,-87.7400956
2017-08-17,6350 S Kilpatrick Ave. ,1.3,2.1,2.1,1.6,,TRUE,FALSE,1,41.7769506,-87.7400956
2017-04-05,6350 S. Kilpatrick Ave. ,1.8,2.5,3,1.4,,TRUE,FALSE,2,41.7769506,-87.7400956
2017-06-27,6350 S. Kilpatrick Ave. ,2.6,3.9,3.4,2.7,,TRUE,FALSE,2,41.7769506,-87.7400956
2017-07-20,6350 S. Kilpatrick Ave. ,2.6,4.5,5.2,2.8,,TRUE,FALSE,2,41.7769506,-87.7400956
2017-08-25,6350 S. Kilpatrick Ave. ,2.2,4,4.6,2.8,,TRUE,FALSE,2,41.7769506,-87.7400956
2017-04-11,6450 S. Kilpatrick Ave.,4.5,13,13,2.6,,TRUE,FALSE,,41.7751527,-87.7400283
2017-06-29,6450 S. Kilpatrick Ave.,7.5,14,13,3.8,,TRUE,FALSE,,41.7751527,-87.7400283
2017-05-31,6450 S. Maplewood Ave.,1.5,1.4,1.5,0.9,,TRUE,FALSE,,41.7758869,-87.6874895
2017-06-08,6450 S. Maplewood Ave.,1.8,1.4,1.4,1,,TRUE,FALSE,,41.7758869,-87.6874895
2017-04-05,6550 S. Kilpatrick Ave. ,1.4,1.8,1.8,0.9,0.9,TRUE,FALSE,1,41.7733357,-87.7399803
2017-06-28,6550 S. Kilpatrick Ave. ,2.3,2.6,2.8,1.5,,TRUE,FALSE,1,41.7733357,-87.7399803
2017-04-17,6550 S. Rockwell St.,1.5,2.3,2.7,1,,TRUE,FALSE,,41.7740276,-87.6886789
2017-04-19,6550 S. Maryland Ave.,1.1,2.3,1.8,0.9,,TRUE,FALSE,,41.775255,-87.60494
2017-08-22,6550 S. Maryland Ave.,1.3,2,2.8,1.5,,TRUE,FALSE,,41.775255,-87.60494
2017-04-11,6550 S. Kilpatrick Ave. ,2.7,3.3,2.3,1.5,,TRUE,FALSE,2,41.7733357,-87.7399803
2017-06-22,6550 S. Kilpatrick Ave. ,3.4,8,13,3.4,,TRUE,FALSE,2,41.7733357,-87.7399803
2017-04-06,6550 S. Kilpatrick Ave. ,4.1,5.4,4.1,1,,TRUE,FALSE,3,41.7733357,-87.7399803
2017-06-27,6550 S. Kilpatrick Ave. ,3.6,7.2,4.6,1.9,,TRUE,FALSE,3,41.7733357,-87.7399803
2017-04-06,6650 S. Kilpatrick Ave. ,1.5,1.3,0.9,0.5,,TRUE,FALSE,1,41.7715091,-87.7399418
2017-06-22,6650 S. Kilpatrick Ave. ,1.9,1.1,1,0.9,,TRUE,FALSE,1,41.7715091,-87.7399418
2017-04-05,6650 S. Kilpatrick Ave. ,1.8,1.7,1.9,1.6,,TRUE,FALSE,2,41.7715091,-87.7399418
2017-06-27,6650 S. Kilpatrick Ave. ,2.8,4.9,5.4,3.2,,TRUE,FALSE,2,41.7715091,-87.7399418
2017-04-06,6650 S. Kilpatrick Ave. ,2,4.3,2.3,0.8,,TRUE,FALSE,3,41.7715091,-87.7399418
2017-06-22,6650 S. Kilpatrick Ave. ,4,5.8,8.4,5,,TRUE,FALSE,3,41.7715091,-87.7399418
2017-07-20,6650 S. Kilpatrick Ave. ,4.8,8.3,47,3.8,,TRUE,FALSE,3,41.7715091,-87.7399418
2017-08-25,6650 S. Kilpatrick Ave. ,6.5,6.2,9.5,2.6,,TRUE,FALSE,3,41.7715091,-87.7399418
2017-04-05,6650 S. Kilpatrick Ave. ,2.6,3.8,7.5,1.8,,TRUE,FALSE,4,41.7715091,-87.7399418
2017-06-28,6650 S. Kilpatrick Ave. ,4,5.6,8.1,3.8,,TRUE,FALSE,4,41.7715091,-87.7399418
2017-07-28,6650 S. Kilpatrick Ave. ,2.6,3,4.6,2.5,,TRUE,FALSE,4,41.7715091,-87.7399418
2017-08-18,6650 S. Kilpatrick Ave. ,3,5.4,8.2,3.7,,TRUE,FALSE,4,41.7715091,-87.7399418
2017-04-04,6650 S. Kilpatrick Ave. ,8,9.4,10,2.5,,TRUE,FALSE,5,41.7715091,-87.7399418
2017-06-27,6650 S. Kilpatrick Ave. ,10,11,12,8.3,,TRUE,FALSE,5,41.7715091,-87.7399418
2017-01-17,6750 W. 64th St.,3.5,2.6,3.1,0.9,,TRUE,FALSE,,41.7759298,-87.7902566
2017-02-13,6750 W. 64th St.,8,3.3,3,1.1,,TRUE,FALSE,,41.7759298,-87.7902566
2017-02-08,6750 N. Jean Ave.,2.9,7.7,9.1,1.7,,TRUE,FALSE,,42.0040096,-87.7762266
2017-05-16,6750 N. Jean Ave.,6,19,23,2.9,,TRUE,FALSE,,42.0040096,-87.7762266
2017-06-13,6750 N. Jean Ave.,2.6,12,15,2.6,,TRUE,FALSE,,42.0040096,-87.7762266
2017-07-18,6750 N. Jean Ave.,3.5,10,17,3.3,,TRUE,FALSE,,42.0040096,-87.7762266
2017-08-18,6750 N. Jean Ave.,5.4,16,23,3.7,,TRUE,FALSE,,42.0040096,-87.7762266
2017-07-28,6824 S. Normal Blvd.,3.1,5.8,4.6,3.3,,TRUE,FALSE,,41.7700402,-87.637628
2016-10-26,7050 S. Perry Ave.,3.9,5.7,5,2.4,2.5,TRUE,FALSE,,41.7657987,-87.6285077
2017-04-11,7150 S. Honore St. ,2.2,4.6,6.5,1,,TRUE,FALSE,1,41.763357,-87.6701267
2017-04-11,7150 S. Honore St. ,0.9,0.9,1,0.5,,TRUE,FALSE,2,41.763357,-87.6701267
2017-05-31,7150 S. Rockwell St.,2.7,3.1,3,2.4,,TRUE,FALSE,,41.7631047,-87.6883708
2017-04-11,7150 S. Honore St. ,1,1.2,0.7,0.5,,TRUE,FALSE,3,41.763357,-87.6701267
2016-09-15,7250 N. Claremont Ave.,2.6,5.3,5.5,3.7,,TRUE,FALSE,,42.013745,-87.6890899
2016-12-21,7250 N. Claremont Ave.,2.5,6.8,8.1,1.8,,TRUE,FALSE,,42.013745,-87.6890899
2017-05-31,7250 S. Rockwell St.,1.4,2.9,3.4,1.4,,TRUE,FALSE,,41.7613114,-87.6883286
2017-04-25,50 E. 37th Pl.,4.1,5.8,3.5,0.8,,TRUE,FALSE,,41.8267406,-87.6244446
2017-04-13,7350 S. Honore St. ,6.2,9,10,5.1,,TRUE,FALSE,1,41.7597495,-87.6700457
2017-04-11,7350 S. Honore St. ,3.1,4.5,4,1.3,1.3,TRUE,FALSE,2,41.7597495,-87.6700457
2017-05-31,7350 S. Rockwell St. ,2.9,2.3,2.9,2.1,,TRUE,FALSE,1,41.7594897,-87.6882938
2017-06-01,7350 S. Rockwell St. ,7.2,5.8,6,2.8,,TRUE,FALSE,2,41.7594897,-87.6882938
2017-01-17,7450 S. Calumet Ave.,3.6,3.5,4,0.6,,TRUE,FALSE,,41.7587999,-87.6171079
2017-02-14,7450 S. Calumet Ave.,3.2,2.8,2.1,0.5,0.4,TRUE,FALSE,,41.7587999,-87.6171079
2016-08-24,8050 S. Avalon Ave.,4,3.8,3.7,2.4,,TRUE,FALSE,,41.7480928,-87.5944734
2016-12-16,8050 S. Avalon Ave.,2.9,2,2,1,,TRUE,FALSE,,41.7480928,-87.5944734
2017-01-31,8050 S. Avalon Ave.,3.6,4,4,1.1,,TRUE,FALSE,,41.7480928,-87.5944734
2017-02-21,8050 S. Avalon Ave.,3.2,2.4,2.2,1,,TRUE,FALSE,,41.7480928,-87.5944734
2017-03-21,8050 S. Avalon Ave.,2.7,2.1,2.1,1.1,,TRUE,FALSE,,41.7480928,-87.5944734
2017-04-18,8050 S. Avalon Ave.,2.7,2.7,2.4,1.2,,TRUE,FALSE,,41.7480928,-87.5944734
2017-05-16,8050 S. Avalon Ave.,3.6,5.3,4.3,2.1,,TRUE,FALSE,,41.7480928,-87.5944734
2017-02-02,8150 S. Champlain Ave.,7.4,7.1,8,2.9,,TRUE,FALSE,,41.7460636,-87.6090045
2017-02-23,8150 S. Champlain Ave.,10,4.9,7.6,3.9,,TRUE,FALSE,,41.7460636,-87.6090045
2016-08-25,8150 S. Avalon Ave.,1.1,1.4,1.3,1.1,,TRUE,FALSE,,41.746222,-87.5944312
2016-12-15,8150 S. Avalon Ave.,0.7,1.1,1,0.4,,TRUE,FALSE,,41.746222,-87.5944312
2016-08-25,8250 S. Avalon Ave. ,2.1,1,0.7,0.7,,TRUE,FALSE,1,41.7443556,-87.5943924
2016-12-15,8250 S. Avalon Ave. ,1.2,1.3,0.8,0.7,,TRUE,FALSE,1,41.7443556,-87.5943924
2017-04-04,8250 S. Kingston Ave.,9.5,3.6,3.8,2.3,,FALSE,FALSE,,41.7449631,-87.5627819
2017-04-18,8250 S. Kingston Ave.,7.5,7.5,28,3,2.8,FALSE,FALSE,,41.7449631,-87.5627819
2016-08-24,8250 S. Avalon Ave. ,1.4,7.3,5,1.2,,TRUE,FALSE,2,41.7443556,-87.5943924
2016-12-15,8250 S. Avalon Ave. ,1.9,3.2,3.4,1,,TRUE,FALSE,2,41.7443556,-87.5943924
2016-08-25,8250 S. Avalon Ave. ,7.1,14,13,3.4,,TRUE,FALSE,3,41.7443556,-87.5943924
2016-12-16,8250 S. Avalon Ave. ,6,7.7,6.2,1.4,,TRUE,FALSE,3,41.7443556,-87.5943924
2017-01-31,8250 S. Avalon Ave. ,4.9,8.3,7.4,1.3,,TRUE,FALSE,3,41.7443556,-87.5943924
2017-02-21,8250 S. Avalon Ave. ,5.9,8.9,5.4,1.3,,TRUE,FALSE,3,41.7443556,-87.5943924
2017-03-21,8250 S. Avalon Ave. ,4.8,11,10,1.4,,TRUE,FALSE,3,41.7443556,-87.5943924
2017-04-18,8250 S. Avalon Ave. ,5.1,7.1,5.9,1.5,,TRUE,FALSE,3,41.7443556,-87.5943924
2017-05-16,8250 S. Avalon Ave. ,7.9,11,10,2.3,,TRUE,FALSE,3,41.7443556,-87.5943924
2017-05-03,850 N. Lavergne Ave.,0,,0,0,,TRUE,FALSE,,41.8965092,-87.7510469
2017-07-27,8950 S. Hamilton Ave.,4.9,,3.8,18,,TRUE,TRUE,,41.7304933,-87.676586
2017-07-27,9050 S. Hamilton Ave. ,2.6,3.9,4.5,2,,TRUE,FALSE,1,41.7286264,-87.6765474
2017-07-27,9050 S. Hamilton Ave. ,3.7,5.1,4.8,3.5,,TRUE,FALSE,2,41.7286264,-87.6765474
2017-07-27,9150 S. Hamilton Ave.,3.4,4.2,3,2,,TRUE,FALSE,,41.7267642,-87.6764741
2017-05-01,950 N. Lavergne Ave. ,2.3,1.9,2.8,1.8,,TRUE,FALSE,1,41.898415,-87.751122
2017-04-24,950 N. Lavergne Ave. ,4.3,2.3,2,1.3,,TRUE,FALSE,2,41.898415,-87.751122
